date,open,close,high,low,amount
2018-01-31,8.39,10.07,10.07,8.39,1990.8
2018-02-01,11.08,11.08,11.08,11.08,1378.03
2018-02-02,12.19,12.19,12.19,12.19,4291.96
2018-02-05,13.41,13.41,13.41,13.41,17155.98
2018-02-06,14.75,14.75,14.75,14.75,50593.94
2018-02-07,16.23,16.23,16.23,16.22,500022.89
2018-02-08,16.33,14.7,16.6,14.61,1827024.81
2018-02-09,13.87,13.44,14.13,13.24,1213844.19
2018-02-12,13.75,14.01,14.54,13.21,1046203.58
2018-02-13,13.88,12.88,14.17,12.84,1043028.79
2018-02-14,12.51,12.23,12.85,12.21,685372.78
2018-02-22,12.45,12.54,12.88,12.28,658187.65
2018-02-23,12.32,12.48,12.6,12.32,505461.52
2018-02-26,12.7,13.25,13.5,12.53,960565.64
2018-02-27,13.05,12.93,13.17,12.8,634312.35
2018-02-28,12.75,12.6,12.77,12.36,592997.43
2018-03-01,12.42,12.7,12.75,12.38,490156.44
2018-03-02,12.5,12.93,13.33,12.43,858782.02
2018-03-05,12.87,12.78,12.98,12.61,505964.57
2018-03-06,12.9,13.27,13.31,12.85,864750.44
2018-03-07,13.8,12.9,14.0,12.88,964064.62
2018-03-08,12.63,12.78,12.83,12.55,567041.42
2018-03-09,12.71,12.93,12.99,12.67,489642.32
2018-03-12,12.98,13.05,13.18,12.8,642817.38
2018-03-13,13.0,12.88,13.43,12.85,635523.34
2018-03-14,12.6,12.65,12.75,12.55,435276.96
2018-03-15,12.51,12.07,12.56,11.9,568055.0
2018-03-16,12.03,11.86,12.14,11.84,310222.32
2018-03-19,11.81,11.94,11.97,11.64,267619.89
2018-03-20,11.76,11.88,11.95,11.72,219987.27
2018-03-21,11.9,11.93,12.26,11.85,441509.69
2018-03-22,11.92,11.65,11.97,11.58,338098.73
2018-03-23,11.2,10.63,11.28,10.5,461228.16
2018-03-26,10.36,10.77,10.85,10.17,267792.62
2018-03-27,10.88,10.89,11.09,10.81,278419.46
2018-03-28,10.74,10.99,11.63,10.67,415691.82
2018-03-29,10.93,11.15,11.2,10.77,352485.07
2018-03-30,11.1,11.05,11.16,11.02,243382.86
2018-04-02,11.05,10.86,11.17,10.85,230740.72
2018-04-03,10.66,10.62,10.74,10.57,208605.68
2018-04-04,10.69,10.64,10.91,10.61,236342.96
2018-04-09,10.64,10.76,10.78,10.45,214817.71
2018-04-10,10.83,11.24,11.25,10.77,452131.9
2018-04-11,11.35,11.11,11.35,11.05,399559.7
2018-04-12,11.0,11.52,11.7,10.97,526446.86
2018-04-13,11.56,11.23,11.66,11.21,427941.34
2018-04-16,11.1,10.8,11.16,10.75,303666.55
2018-04-17,10.82,10.62,10.97,10.6,228358.16
2018-04-18,10.94,10.99,11.08,10.76,417806.67
2018-04-19,10.83,10.85,10.94,10.77,277983.13
2018-04-20,10.8,10.34,10.81,10.29,346863.86
2018-04-23,10.32,10.42,10.47,10.29,162677.57
2018-04-24,10.42,10.69,10.85,10.38,270106.71
2018-04-25,10.61,10.63,10.64,10.5,179390.01
2018-04-26,10.66,10.37,10.66,10.33,189463.36
2018-04-27,10.49,10.53,10.61,10.36,165356.51
2018-05-02,10.69,10.55,10.75,10.48,173754.05
2018-05-03,10.43,10.63,10.66,10.4,180470.94
2018-05-04,10.58,10.44,10.62,10.43,159765.81
2018-05-07,10.46,10.63,10.64,10.42,191678.79
2018-05-08,10.6,10.69,10.75,10.56,268935.09
2018-05-09,10.65,10.63,10.67,10.56,163390.63
2018-05-10,10.66,10.64,10.69,10.53,140338.48
2018-05-11,10.62,10.61,10.72,10.56,178478.29
2018-05-14,10.58,10.85,10.99,10.55,373393.21
2018-05-15,10.71,10.85,10.88,10.71,254760.26
2018-05-16,10.79,10.67,10.82,10.66,160896.66
2018-05-17,10.69,10.59,10.76,10.56,127182.47
2018-05-18,10.57,10.64,10.66,10.47,154909.49
2018-05-21,10.73,10.81,10.85,10.64,270406.44
2018-05-22,10.78,11.04,11.09,10.65,453910.22
2018-05-23,10.95,10.96,11.08,10.87,274970.11
2018-05-24,10.94,10.83,11.02,10.82,212345.4
2018-05-25,10.79,10.88,10.95,10.72,207172.23
2018-05-28,10.82,10.69,10.91,10.66,177798.84
2018-05-29,10.61,10.71,10.78,10.51,204975.19
2018-05-30,10.56,10.81,11.05,10.5,432509.26
2018-05-31,10.7,11.13,11.14,10.65,504756.32
2018-06-01,11.0,11.17,11.39,10.9,458308.29
2018-06-04,11.22,11.07,11.38,10.98,360738.69
2018-06-05,10.98,11.07,11.12,10.86,294997.76
2018-06-06,11.01,11.06,11.1,10.89,241302.43
2018-06-07,11.06,11.12,11.27,10.97,353888.96
2018-06-08,10.7,10.31,10.77,10.28,386650.32
2018-06-11,10.18,10.18,10.28,10.05,179532.42
2018-06-12,10.16,10.1,10.22,9.95,169829.94
2018-06-13,10.1,9.89,10.11,9.88,208157.31
2018-06-14,9.86,9.91,10.0,9.81,122362.52
2018-06-15,9.89,9.84,10.04,9.83,195798.06
2018-06-19,9.61,8.89,9.69,8.86,296651.72
2018-06-20,8.81,8.9,8.97,8.66,186166.91
2018-06-21,8.87,8.64,9.06,8.6,181604.09
2018-06-22,8.52,8.82,8.83,8.52,150796.77
2018-06-25,8.95,8.66,8.95,8.64,164777.7
2018-06-26,8.51,8.71,8.74,8.44,125586.85
2018-06-27,8.67,8.71,9.01,8.62,162138.87
2018-06-28,8.64,8.62,8.86,8.59,130004.27
2018-06-29,8.61,8.75,8.83,8.57,177173.92
2018-07-02,8.74,8.42,8.77,8.34,170083.7
2018-07-03,8.45,8.5,8.53,8.32,125244.08
2018-07-04,8.46,8.38,8.53,8.37,106391.78
2018-07-05,8.37,8.2,8.49,8.18,127454.89
2018-07-06,8.23,8.22,8.36,8.08,159608.56
2018-07-09,8.25,8.43,8.44,8.19,175416.9
2018-07-10,8.41,8.38,8.42,8.3,143939.0
2018-07-11,8.25,8.06,8.26,8.01,190106.13
2018-07-12,8.06,8.37,8.38,8.05,244719.4
2018-07-13,8.38,8.27,8.39,8.23,147507.6
2018-07-16,8.27,8.18,8.28,8.15,98013.66
2018-07-17,8.19,8.25,8.27,8.16,96603.33
2018-07-18,8.24,8.15,8.3,8.14,105553.88
2018-07-19,8.16,8.05,8.18,8.03,101415.08
2018-07-20,8.01,8.86,8.86,7.93,321856.62
2018-07-23,9.25,9.75,9.75,9.14,1197986.91
2018-07-24,9.75,9.85,10.5,9.62,1206941.82
2018-07-25,9.86,10.05,10.15,9.75,931125.76
2018-07-26,9.95,9.89,10.03,9.72,649911.71
2018-07-27,9.76,9.49,9.81,9.38,638292.26
2018-07-30,9.49,9.44,9.61,9.32,437934.67
2018-07-31,9.38,9.47,9.84,9.23,599597.82
2018-08-01,9.3,9.05,9.35,8.98,546607.22
2018-08-02,9.0,9.17,9.23,8.97,529124.87
2018-08-03,9.05,8.99,9.19,8.94,335878.92
2018-08-06,8.99,9.09,9.4,8.95,441789.28
2018-08-07,9.02,9.29,9.34,8.84,527526.0
2018-08-08,9.14,9.02,9.19,8.94,319990.6
2018-08-09,8.91,9.13,9.25,8.88,335962.42
2018-08-10,9.08,9.09,9.15,9.02,190650.4
2018-08-13,8.96,8.83,8.98,8.67,312714.27
2018-08-14,8.75,8.82,8.87,8.7,159589.9
2018-08-15,8.79,8.52,8.82,8.5,217367.22
2018-08-16,8.38,8.53,8.78,8.32,256524.33
2018-08-17,8.58,8.33,8.63,8.3,182748.22
2018-08-20,8.36,8.55,8.57,8.32,204514.23
2018-08-21,8.58,8.66,8.7,8.48,242997.23
2018-08-22,8.64,8.55,8.65,8.51,138095.44
2018-08-23,8.54,8.69,8.77,8.53,199147.45
2018-08-24,8.68,9.3,9.56,8.65,846102.85
2018-08-27,9.13,9.24,9.28,9.03,523925.35
2018-08-28,9.16,9.09,9.19,9.05,285793.51
2018-08-29,9.13,9.11,9.18,9.04,230281.84
2018-08-30,9.12,8.98,9.16,8.9,235431.12
2018-08-31,8.92,8.92,9.15,8.88,233720.4
2018-09-03,8.85,8.78,8.89,8.62,192006.31
2018-09-04,8.75,8.96,9.09,8.68,255425.24
2018-09-05,8.88,8.69,8.92,8.68,199176.91
2018-09-06,8.64,8.71,8.79,8.63,128322.81
2018-09-07,8.69,8.78,8.9,8.69,171378.07
2018-09-10,8.76,8.72,8.85,8.67,136803.16
2018-09-11,8.69,8.89,8.99,8.69,236972.54
2018-09-12,8.86,8.99,9.1,8.83,233052.91
2018-09-13,9.15,9.06,9.17,8.9,212913.89
2018-09-14,9.01,8.89,9.03,8.88,148324.06
2018-09-17,8.81,8.75,8.87,8.67,127752.97
2018-09-18,8.7,8.95,8.99,8.69,194004.93
2018-09-19,8.94,9.01,9.12,8.88,258036.94
2018-09-20,9.09,8.97,9.15,8.94,200684.41
2018-09-21,8.97,9.48,9.78,8.94,562383.55
2018-09-25,9.29,9.19,9.3,9.16,295149.7
2018-09-26,9.21,9.19,9.38,9.17,304526.74
2018-09-27,9.11,9.03,9.16,8.97,236402.61
2018-09-28,9.05,9.23,9.31,9.04,293388.33
2018-10-08,9.04,8.97,9.19,8.95,224814.89
2018-10-09,8.99,9.03,9.09,8.91,141949.06
2018-10-10,9.03,9.05,9.12,8.99,116381.76
2018-10-11,8.66,8.32,8.76,8.15,317290.0
2018-10-12,8.21,8.47,8.48,8.19,197231.29
2018-10-15,8.45,8.22,8.45,8.2,141036.25
2018-10-16,8.21,8.08,8.37,8.05,144576.15
2018-10-17,8.21,8.14,8.25,8.0,121181.25
2018-10-18,8.11,8.03,8.11,8.0,94993.62
2018-10-19,7.95,8.19,8.22,7.92,167844.13
2018-10-22,8.22,8.62,8.81,8.2,352091.05
2018-10-23,8.6,8.35,8.6,8.32,206128.37
2018-10-24,8.29,8.65,9.16,8.28,441111.76
2018-10-25,8.33,8.82,8.91,8.24,336921.55
2018-10-26,8.78,8.66,8.86,8.58,226154.57
2018-10-29,8.64,8.45,8.72,8.4,146874.9
2018-10-30,8.4,8.65,8.78,8.4,255890.91
2018-10-31,8.67,8.75,8.95,8.57,316872.06
2018-11-01,8.67,8.71,8.92,8.67,247599.88
2018-11-02,8.84,8.97,9.1,8.73,332690.26
2018-11-05,8.9,8.92,8.98,8.81,214127.3
2018-11-06,8.87,8.77,8.91,8.68,159884.57
2018-11-07,8.8,8.64,8.83,8.62,152656.57
2018-11-08,8.73,8.66,8.77,8.62,126422.04
2018-11-09,8.6,8.46,8.6,8.45,148244.56
2018-11-12,8.43,8.55,8.56,8.41,137828.85
2018-11-13,8.44,8.67,8.7,8.41,198717.76
2018-11-14,8.61,8.6,8.75,8.55,157409.19
2018-11-15,8.56,8.75,8.75,8.54,191652.49
2018-11-16,8.77,8.82,8.97,8.66,280307.74
2018-11-19,8.82,9.1,9.15,8.78,438344.62
2018-11-20,8.97,8.79,9.02,8.78,245500.54
2018-11-21,8.7,8.78,8.84,8.63,139602.02
2018-11-22,8.78,8.72,8.83,8.7,115208.58
2018-11-23,8.73,8.51,8.78,8.47,171840.33
2018-11-26,8.49,8.56,8.66,8.49,97360.48
2018-11-27,8.59,8.52,8.65,8.45,117793.56
2018-11-28,8.52,8.6,8.62,8.47,103288.51
2018-11-29,8.63,8.4,8.66,8.4,132198.81
2018-11-30,8.4,8.36,8.46,8.29,119390.17
2018-12-03,8.49,8.53,8.6,8.47,168900.99
2018-12-04,8.51,8.53,8.54,8.43,125355.94
2018-12-05,8.4,8.43,8.47,8.36,105871.15
2018-12-06,8.39,8.45,8.52,8.35,112663.15
2018-12-07,8.44,8.42,8.48,8.41,51721.12
2018-12-10,8.33,8.3,8.38,8.29,63376.29
2018-12-11,8.3,8.36,8.48,8.3,55046.17
2018-12-12,8.38,8.34,8.42,8.34,54468.0
2018-12-13,8.35,8.44,8.5,8.32,102319.06
2018-12-14,8.41,8.28,8.43,8.27,90693.41
2018-12-17,8.28,8.32,8.34,8.22,58897.72
2018-12-18,8.26,8.28,8.33,8.23,52436.92
2018-12-19,8.3,8.24,8.31,8.22,42855.69
2018-12-20,8.23,8.18,8.26,8.11,79596.03
2018-12-21,8.16,8.16,8.17,8.11,47959.05
2018-12-24,8.16,8.19,8.21,8.11,49734.47
2018-12-25,8.12,8.12,8.16,7.98,82889.0
2018-12-26,8.07,8.07,8.12,8.05,43827.49
2018-12-27,8.2,8.01,8.21,8.0,64338.75
2018-12-28,8.01,8.05,8.12,8.01,51249.21
2019-01-02,8.05,7.93,8.08,7.91,75825.14
2019-01-03,7.94,7.97,8.09,7.93,64765.99
2019-01-04,7.92,8.23,8.34,7.86,181688.62
2019-01-07,8.24,8.22,8.27,8.12,145765.17
2019-01-08,8.17,8.11,8.18,8.09,91231.76
2019-01-09,8.12,8.16,8.25,8.11,138941.75
2019-01-10,8.13,8.02,8.15,8.02,106162.38
2019-01-11,8.02,8.04,8.08,8.01,65039.93
2019-01-14,8.02,7.97,8.03,7.95,64204.47
2019-01-15,7.95,8.04,8.08,7.95,78351.4
2019-01-16,8.0,8.0,8.04,7.98,56375.99
2019-01-17,8.0,7.99,8.05,7.96,69397.34
2019-01-18,7.99,8.08,8.1,7.97,107279.1
2019-01-21,8.07,8.05,8.1,8.03,66949.26
2019-01-22,8.05,7.98,8.05,7.95,54226.86
2019-01-23,8.01,7.96,8.03,7.96,52919.66
2019-01-24,7.95,8.04,8.06,7.94,84673.45
2019-01-25,8.0,8.01,8.11,8.0,119654.13
2019-01-28,8.01,7.91,8.07,7.88,121706.09
2019-01-29,7.89,7.85,7.91,7.66,109867.69
2019-01-30,7.81,7.88,7.97,7.79,70546.39
2019-01-31,7.43,7.69,7.8,7.43,266576.18
2019-02-01,7.68,7.79,7.8,7.68,148114.86
2019-02-11,7.77,7.86,7.88,7.73,188919.63
2019-02-12,7.88,7.92,7.93,7.84,172723.42
2019-02-13,7.93,8.03,8.05,7.85,265282.23
2019-02-14,8.0,7.98,8.05,7.95,199302.47
2019-02-15,7.97,7.93,7.99,7.92,150805.64
2019-02-18,7.95,8.09,8.14,7.95,309739.52
2019-02-19,8.08,8.11,8.25,8.05,312160.63
2019-02-20,8.1,8.05,8.11,8.03,166640.37
2019-02-21,8.05,7.98,8.1,7.96,218023.37
2019-02-22,7.97,8.2,8.26,7.9,445169.37
2019-02-25,8.37,9.02,9.02,8.22,976613.31
2019-02-26,9.04,8.68,9.04,8.68,704673.27
2019-02-27,8.63,9.04,9.44,8.61,977828.39
2019-02-28,8.97,8.87,9.07,8.79,439441.94
2019-03-01,8.9,9.03,9.07,8.71,515186.13
2019-03-04,9.09,9.3,9.75,9.07,1012018.73
2019-03-05,9.19,9.3,9.35,9.13,435642.41
2019-03-06,9.23,9.4,9.48,9.19,600548.73
2019-03-07,9.35,9.56,9.89,9.25,970456.94
2019-03-08,9.28,8.79,9.29,8.78,823319.71
2019-03-11,8.86,9.04,9.04,8.81,354664.2
2019-03-12,9.05,9.01,9.2,8.87,467021.43
2019-03-13,8.98,8.94,9.08,8.83,354195.24
2019-03-14,8.89,8.86,9.06,8.8,254621.41
2019-03-15,8.93,8.92,8.99,8.86,247358.62
2019-03-18,8.94,9.12,9.13,8.85,364933.73
2019-03-19,9.13,9.05,9.15,9.01,276688.54
2019-03-20,9.04,9.25,9.27,9.01,548644.85
2019-03-21,9.22,9.17,9.29,9.12,362685.73
2019-03-22,9.17,9.04,9.18,8.99,277499.32
2019-03-25,8.86,8.81,8.92,8.8,255998.56
2019-03-26,8.85,8.69,8.86,8.65,201411.72
2019-03-27,8.73,8.74,8.8,8.68,132843.58
2019-03-28,8.7,8.66,8.74,8.63,136742.63
2019-03-29,8.71,8.95,8.98,8.67,351254.73
2019-04-01,8.97,9.13,9.18,8.97,396220.87
2019-04-02,9.14,9.09,9.26,9.06,304463.43
2019-04-03,9.0,9.13,9.14,8.95,282715.4
2019-04-04,9.16,9.28,9.36,9.13,583687.56
2019-04-08,9.32,9.3,9.54,9.2,475797.81
2019-04-09,9.24,9.2,9.31,9.11,233073.62
2019-04-10,9.19,9.17,9.22,9.1,182518.88
2019-04-11,9.19,9.17,9.29,9.11,236093.8
2019-04-12,9.13,9.17,9.2,9.1,176892.16
2019-04-15,9.38,9.27,9.44,9.19,448846.94
2019-04-16,9.23,9.62,9.66,9.17,704875.88
2019-04-17,9.56,9.59,9.85,9.53,525762.94
2019-04-18,9.58,9.54,9.7,9.5,271753.29
2019-04-19,9.55,9.59,9.67,9.44,250165.58
2019-04-22,9.61,9.24,9.67,9.2,365572.5
2019-04-23,9.22,9.23,9.34,9.16,211520.8
2019-04-24,9.28,9.28,9.33,9.13,163930.0
2019-04-25,9.32,9.15,9.44,9.15,311833.6
2019-04-26,9.15,9.13,9.22,9.08,206921.46
2019-04-29,9.18,9.28,9.39,9.15,338275.66
2019-04-30,9.3,9.45,9.51,9.18,299049.34
2019-05-06,9.2,9.01,9.35,8.84,446114.67
2019-05-07,9.09,8.99,9.12,8.85,220078.02
2019-05-08,8.8,8.82,8.96,8.75,157312.68
2019-05-09,8.76,8.67,8.82,8.64,138381.12
2019-05-10,8.75,8.87,8.89,8.62,215217.43
2019-05-13,8.73,8.75,8.82,8.69,115789.62
2019-05-14,8.68,8.7,8.78,8.67,161481.31
2019-05-15,8.74,8.79,8.84,8.71,164507.97
2019-05-16,8.79,8.83,8.84,8.76,103394.76
2019-05-17,8.84,8.6,8.84,8.56,141805.25
2019-05-20,8.51,8.43,8.58,8.3,135110.17
2019-05-21,8.45,8.56,8.6,8.41,102380.16
2019-05-22,8.53,8.49,8.61,8.47,66027.53
2019-05-23,8.51,8.42,8.51,8.39,77276.88
2019-05-24,8.4,8.48,8.61,8.39,95727.4
2019-05-27,8.44,8.55,8.57,8.37,149102.24
2019-05-28,8.53,8.65,8.65,8.45,191367.21
2019-05-29,8.56,8.6,8.64,8.53,98271.87
2019-05-30,8.54,8.48,8.55,8.43,86630.79
2019-05-31,8.5,8.48,8.54,8.46,81528.27
2019-06-03,8.48,8.44,8.53,8.3,137631.38
2019-06-04,8.4,8.4,8.43,8.35,73999.39
2019-06-05,8.46,8.44,8.55,8.42,81026.19
2019-06-06,8.47,8.46,8.49,8.41,83969.48
2019-06-10,8.5,8.58,8.66,8.47,138559.99
2019-06-11,8.58,8.71,8.76,8.56,231424.63
2019-06-12,8.68,8.69,8.71,8.65,126489.75
2019-06-13,8.67,8.72,8.78,8.66,112863.85
2019-06-14,8.73,8.82,8.9,8.71,402291.66
2019-06-17,8.8,8.91,9.06,8.76,200070.32
2019-06-18,8.89,8.97,8.99,8.82,127781.6
2019-06-19,9.15,8.98,9.15,8.92,164284.07
2019-06-20,8.95,9.1,9.19,8.92,287674.2
2019-06-21,9.16,9.08,9.16,9.04,157556.57
2019-06-24,9.1,9.0,9.12,8.97,121094.12
2019-06-25,9.02,8.94,9.05,8.81,126830.27
2019-06-26,8.92,8.91,9.0,8.88,67948.77
2019-06-27,8.91,8.93,9.03,8.9,93560.85
2019-06-28,8.91,8.83,8.96,8.8,89498.86
2019-07-01,8.93,8.93,8.96,8.88,184155.3
2019-07-02,8.93,8.93,8.96,8.89,143958.61
2019-07-03,8.94,8.94,8.96,8.89,97295.05
2019-07-04,8.94,9.01,9.06,8.94,116276.18
2019-07-05,9.02,8.92,9.02,8.86,127597.11
2019-07-08,8.89,8.73,8.91,8.71,107091.0
2019-07-09,8.72,8.74,8.78,8.71,70038.48
2019-07-10,8.76,8.54,8.77,8.47,224358.79
2019-07-11,8.55,8.41,8.6,8.31,322155.95
2019-07-12,8.45,8.57,8.58,8.39,201960.97
2019-07-15,8.55,8.7,8.73,8.51,163359.99
2019-07-16,8.69,8.81,8.83,8.67,154248.76
2019-07-17,8.82,8.83,8.86,8.76,137449.76
2019-07-18,8.79,8.78,8.83,8.73,135902.61
2019-07-19,8.39,8.34,8.43,8.3,183595.95
2019-07-22,8.37,8.34,8.39,8.27,104975.0
2019-07-23,8.33,8.47,8.47,8.32,111510.0
2019-07-24,8.45,8.43,8.53,8.4,155677.03
2019-07-25,8.45,8.52,8.52,8.42,128395.92
2019-07-26,8.49,8.52,8.56,8.45,98286.31
2019-07-29,8.53,8.52,8.57,8.48,87884.88
2019-07-30,8.54,8.62,8.63,8.5,140638.33
2019-07-31,8.58,8.5,8.59,8.47,129029.04
2019-08-01,8.45,8.41,8.49,8.36,126815.02
2019-08-02,8.27,8.26,8.34,8.21,142613.21
2019-08-05,8.22,8.1,8.28,8.1,136966.14
2019-08-06,8.01,7.93,8.01,7.88,168769.43
2019-08-07,7.96,7.87,7.99,7.86,131597.32
2019-08-08,7.91,7.94,8.02,7.88,234487.14
2019-08-09,7.96,7.86,7.98,7.83,159891.43
2019-08-12,7.86,7.99,8.0,7.85,104549.74
2019-08-13,7.93,8.01,8.02,7.91,98152.24
2019-08-14,8.06,7.99,8.08,7.97,104236.98
2019-08-15,7.88,8.0,8.02,7.8,100002.99
2019-08-16,7.99,8.0,8.05,7.96,105813.34
2019-08-19,7.99,8.11,8.13,7.9,173764.27
2019-08-20,8.07,8.11,8.12,8.05,126691.57
2019-08-21,8.1,8.11,8.12,8.07,90400.67
2019-08-22,8.1,8.12,8.13,8.07,89559.19
2019-08-23,8.13,8.18,8.2,8.1,106846.24
2019-08-26,8.05,8.12,8.13,8.04,89173.45
2019-08-27,8.17,8.18,8.29,8.15,153945.29
2019-08-28,8.21,8.22,8.25,8.14,93095.43
2019-08-29,8.23,8.18,8.26,8.13,105212.86
2019-08-30,8.2,8.19,8.24,8.15,111795.74
2019-09-02,8.21,8.23,8.28,8.16,135941.8
2019-09-03,8.22,8.25,8.29,8.2,95161.77
2019-09-04,8.25,8.32,8.38,8.22,182672.86
2019-09-05,8.34,8.36,8.49,8.33,248198.97
2019-09-06,8.39,8.37,8.4,8.33,122179.79
2019-09-09,8.47,8.4,8.47,8.39,156802.5
2019-09-10,8.42,8.36,8.43,8.32,98177.41
2019-09-11,8.37,8.39,8.42,8.35,108735.55
2019-09-12,8.41,8.39,8.42,8.36,104922.94
2019-09-16,8.41,8.39,8.42,8.36,94521.49
2019-09-17,8.36,8.22,8.38,8.18,112986.96
2019-09-18,8.22,8.18,8.27,8.17,64406.18
2019-09-19,8.2,8.2,8.21,8.15,59646.0
2019-09-20,8.21,8.21,8.22,8.16,74287.26
2019-09-23,8.17,8.08,8.18,8.05,97652.71
2019-09-24,8.07,8.09,8.13,8.06,70175.0
2019-09-25,8.07,8.07,8.13,8.02,70332.85
2019-09-26,8.1,8.12,8.22,8.07,148405.57
2019-09-27,8.12,8.24,8.25,8.12,183624.15
2019-09-30,8.23,8.14,8.27,8.12,77577.22
2019-10-08,8.12,8.19,8.25,8.09,89588.07
2019-10-09,8.17,8.35,8.43,8.14,209951.53
2019-10-10,8.32,8.35,8.38,8.29,99555.65
2019-10-11,8.37,8.43,8.44,8.31,217305.86
2019-10-14,8.5,8.57,8.77,8.47,433490.19
2019-10-15,8.57,8.6,8.65,8.55,244142.18
2019-10-16,8.65,8.55,8.75,8.47,250870.83
2019-10-17,8.57,8.56,8.6,8.51,112638.18
2019-10-18,8.55,8.42,8.6,8.36,171522.53
2019-10-21,8.42,8.43,8.5,8.34,159182.27
2019-10-22,8.44,8.48,8.52,8.36,138183.99
2019-10-23,8.46,8.49,8.54,8.43,142237.32
2019-10-24,8.49,8.55,8.63,8.48,171201.44
2019-10-25,8.57,8.57,8.6,8.51,130945.5
2019-10-28,8.57,8.53,8.58,8.43,146266.12
2019-10-29,8.53,8.47,8.57,8.43,111329.72
2019-10-30,8.4,8.44,8.49,8.39,117693.71
2019-10-31,8.54,8.43,8.58,8.39,140536.51
2019-11-01,8.42,8.66,8.7,8.36,292321.02
2019-11-04,8.66,8.7,8.8,8.65,206981.4
2019-11-05,8.69,8.87,8.97,8.64,437360.38
2019-11-06,8.85,8.83,8.93,8.79,216526.96
2019-11-07,8.86,8.9,8.98,8.85,202141.47
2019-11-08,8.96,8.82,8.98,8.78,191792.46
2019-11-11,8.76,8.61,8.77,8.59,206076.39
2019-11-12,8.58,8.68,8.74,8.57,153659.0
2019-11-13,8.67,8.63,8.72,8.58,142989.68
2019-11-14,8.63,8.61,8.68,8.56,129829.3
2019-11-15,8.62,8.53,8.65,8.51,155678.69
2019-11-18,8.53,8.63,8.67,8.48,129754.99
2019-11-19,8.62,8.68,8.72,8.59,106817.98
2019-11-20,8.67,8.53,8.67,8.51,118544.4
2019-11-21,8.5,8.49,8.54,8.45,91541.41
2019-11-22,8.49,8.43,8.55,8.4,104956.34
2019-11-25,8.43,8.56,8.59,8.43,124393.98
2019-11-26,8.58,8.63,8.64,8.51,208338.77
2019-11-27,8.58,8.61,8.71,8.55,122096.41
2019-11-28,8.63,8.54,8.65,8.52,68979.3
2019-11-29,8.55,8.54,8.62,8.5,73551.62
2019-12-02,8.54,8.61,8.62,8.53,110619.78
2019-12-03,8.59,8.58,8.6,8.53,69833.98
2019-12-04,8.55,8.49,8.57,8.49,63796.91
2019-12-05,8.51,8.53,8.55,8.47,110913.27
2019-12-06,8.53,8.52,8.55,8.5,119184.23
2019-12-09,8.54,8.54,8.57,8.5,138723.26
2019-12-10,8.51,8.48,8.54,8.47,120542.52
2019-12-11,8.49,8.54,8.56,8.48,133511.07
2019-12-12,8.54,8.51,8.55,8.49,105214.02
2019-12-13,8.55,8.68,8.68,8.53,253974.0
2019-12-16,8.65,8.68,8.72,8.6,185026.78
2019-12-17,8.66,8.88,8.96,8.66,327057.85
2019-12-18,8.83,8.85,8.93,8.82,178459.47
2019-12-19,8.86,8.89,8.97,8.84,173091.65
2019-12-20,8.88,8.92,9.01,8.85,203953.54
2019-12-23,8.92,8.74,8.98,8.74,204917.76
2019-12-24,8.85,8.81,8.87,8.77,123228.94
2019-12-25,8.79,8.77,8.82,8.72,122792.14
2019-12-26,8.76,8.9,8.9,8.76,135088.49
2019-12-27,8.89,8.98,9.08,8.88,286992.86
2019-12-30,8.93,8.96,8.98,8.83,188267.1
2019-12-31,8.95,9.07,9.07,8.89,213756.33
2020-01-02,9.24,9.05,9.27,9.03,372529.32
2020-01-03,9.05,8.95,9.05,8.93,240443.21
2020-01-06,8.9,8.91,8.98,8.85,198775.61
2020-01-07,9.02,9.07,9.17,9.02,314360.72
2020-01-08,9.01,8.88,9.04,8.86,252144.95
2020-01-09,8.94,8.95,8.99,8.9,193229.22
2020-01-10,8.97,8.97,9.07,8.94,173582.15
2020-01-13,8.95,9.13,9.13,8.95,243685.35
2020-01-14,9.13,9.06,9.17,9.04,173879.77
2020-01-15,9.06,9.0,9.08,8.99,114396.84
2020-01-16,9.02,8.97,9.05,8.95,111396.07
2020-01-17,8.97,8.91,9.04,8.89,127711.48
2020-01-20,8.92,9.02,9.04,8.9,150323.81
2020-01-21,9.02,8.9,9.05,8.88,161861.34
2020-01-22,8.88,8.93,8.96,8.82,138489.77
2020-01-23,8.9,8.68,8.9,8.63,244428.14
2020-02-03,7.89,7.93,8.17,7.81,366111.36
2020-02-04,7.97,8.2,8.24,7.96,281670.41
2020-02-05,8.23,8.15,8.35,8.13,224768.05
2020-02-06,8.19,8.23,8.29,8.11,236007.86
2020-02-07,8.2,8.26,8.44,8.12,171189.23
2020-02-10,8.2,8.24,8.26,8.17,141804.96
2020-02-11,8.26,8.28,8.36,8.24,157574.16
2020-02-12,8.26,8.32,8.33,8.23,127613.35
2020-02-13,8.3,8.23,8.31,8.2,137280.86
2020-02-14,8.2,8.29,8.32,8.2,113943.52
2020-02-17,8.29,8.48,8.48,8.26,276191.68
2020-02-18,8.41,8.37,8.44,8.34,213107.61
2020-02-19,8.35,8.31,8.42,8.3,201806.37
2020-02-20,8.32,8.49,8.51,8.29,315817.74
2020-02-21,8.47,8.48,8.57,8.43,251281.91
2020-02-24,8.45,8.4,8.48,8.35,255531.96
2020-02-25,8.28,8.26,8.32,8.19,245638.74
2020-02-26,8.2,8.3,8.42,8.16,267956.43
2020-02-27,8.32,8.28,8.35,8.22,204531.74
2020-02-28,8.15,8.17,8.23,8.03,254755.55
2020-03-02,8.13,8.28,8.31,8.11,303283.81
2020-03-03,8.32,8.25,8.33,8.22,292156.03
2020-03-04,8.2,8.28,8.28,8.18,153067.55
2020-03-05,8.33,8.49,8.54,8.28,480611.18
2020-03-06,8.42,8.34,8.42,8.33,254757.87
2020-03-09,8.23,8.1,8.23,8.08,288094.92
2020-03-10,8.03,8.19,8.2,8.03,234445.7
2020-03-11,8.18,8.11,8.21,8.1,205707.45
2020-03-12,8.08,8.06,8.15,8.03,205340.19
2020-03-13,7.82,8.01,8.02,7.65,293472.52
2020-03-16,8.01,7.75,8.01,7.73,271909.24
2020-03-17,7.76,7.75,7.83,7.65,187374.75
2020-03-18,7.77,7.57,7.81,7.57,203632.65
2020-03-19,7.55,7.45,7.6,7.36,210550.55
2020-03-20,7.51,7.59,7.62,7.48,142727.39
2020-03-23,7.42,7.38,7.48,7.38,131817.59
2020-03-24,7.5,7.51,7.52,7.41,157602.22
2020-03-25,7.65,7.61,7.67,7.56,159827.11
2020-03-26,7.6,7.66,7.76,7.56,201854.83
2020-03-27,7.72,7.66,7.77,7.65,124865.34
2020-03-30,7.59,7.58,7.63,7.52,115332.42
2020-03-31,7.65,7.53,7.66,7.5,126079.02
2020-04-01,7.55,7.53,7.65,7.53,95647.25
2020-04-02,7.48,7.58,7.58,7.46,94467.52
2020-04-03,7.56,7.51,7.59,7.49,82307.93
2020-04-07,7.6,7.62,7.66,7.59,164467.6
2020-04-08,7.58,7.6,7.6,7.56,96343.12
2020-04-09,7.62,7.6,7.63,7.58,86085.33
2020-04-10,7.61,7.59,7.65,7.57,104445.52
2020-04-13,7.55,7.53,7.55,7.5,67427.16
2020-04-14,7.54,7.56,7.58,7.52,92702.3
2020-04-15,7.56,7.5,7.57,7.5,92682.44
2020-04-16,7.48,7.48,7.52,7.44,113294.18
2020-04-17,7.53,7.52,7.58,7.48,144321.57
2020-04-20,7.55,7.52,7.56,7.48,93973.96
2020-04-21,7.53,7.48,7.55,7.45,120685.99
2020-04-22,7.46,7.46,7.48,7.41,95145.66
2020-04-23,7.47,7.44,7.47,7.43,89172.26
2020-04-24,7.44,7.4,7.45,7.37,80004.64
2020-04-27,7.4,7.52,7.62,7.4,201260.7
2020-04-28,7.53,7.6,7.6,7.43,162964.94
2020-04-29,7.62,7.76,7.81,7.59,270004.82
2020-04-30,7.79,7.75,7.88,7.74,240767.12
2020-05-06,7.67,7.76,7.79,7.65,150767.39
2020-05-07,7.77,7.79,7.84,7.73,124901.72
2020-05-08,7.83,7.83,7.87,7.79,112158.39
2020-05-11,7.82,7.82,7.89,7.8,119853.6
2020-05-12,7.83,7.78,7.87,7.74,89245.02
2020-05-13,7.77,7.86,7.88,7.74,110401.54
2020-05-14,7.83,7.76,7.84,7.75,77054.77
2020-05-15,7.8,7.74,7.81,7.74,80417.5
2020-05-18,7.74,7.79,7.82,7.71,98064.71
2020-05-19,7.83,7.81,7.87,7.79,103176.17
2020-05-20,7.8,7.8,7.83,7.72,118748.25
2020-05-21,7.8,7.81,7.84,7.78,90685.15
2020-05-22,7.79,7.73,7.81,7.72,119727.41
2020-05-25,7.73,7.77,7.79,7.71,110317.32
2020-05-26,7.8,7.84,7.85,7.78,93553.25
2020-05-27,7.86,7.92,7.97,7.82,148516.13
2020-05-28,7.97,7.96,8.03,7.92,137951.62
2020-05-29,7.96,7.97,7.97,7.9,111356.8
2020-06-01,7.98,8.0,8.03,7.97,125298.81
2020-06-02,8.0,8.01,8.06,7.98,79383.92
2020-06-03,8.04,7.97,8.12,7.97,130837.08
2020-06-04,7.98,7.92,8.01,7.92,82882.18
2020-06-05,7.95,7.94,7.98,7.88,83556.78
2020-06-08,7.98,7.94,7.99,7.92,81335.79
2020-06-09,7.95,7.92,7.97,7.89,100949.27
2020-06-10,7.95,7.88,7.97,7.88,130593.22
2020-06-11,7.89,7.81,7.91,7.79,132117.63
2020-06-12,7.74,7.89,7.89,7.72,212165.77
2020-06-15,7.85,7.88,7.93,7.81,161955.83
2020-06-16,7.92,7.9,7.93,7.87,72450.88
2020-06-17,7.9,7.92,7.94,7.86,86379.42
2020-06-18,7.88,7.89,7.92,7.84,79017.2
2020-06-19,7.91,7.9,7.91,7.85,118067.09
2020-06-22,7.87,7.89,7.97,7.86,152392.46
2020-06-23,7.89,7.85,7.9,7.83,93472.46
2020-06-24,7.87,7.95,8.04,7.86,132146.94
2020-06-29,8.0,7.9,8.03,7.9,95067.54
2020-06-30,7.93,7.96,7.99,7.92,94898.76
2020-07-01,7.99,8.08,8.08,7.93,162221.8
2020-07-02,8.07,8.33,8.35,8.05,341329.46
2020-07-03,8.46,8.52,8.64,8.34,429945.09
2020-07-06,8.69,9.37,9.37,8.67,858281.78
2020-07-07,9.55,9.1,9.85,9.1,760113.35
2020-07-08,9.06,9.51,9.67,9.03,590366.01
2020-07-09,9.53,9.69,9.84,9.42,575466.14
2020-07-10,9.57,9.53,9.58,9.35,657590.2
2020-07-13,8.9,8.92,9.06,8.72,402204.08
2020-07-14,8.92,8.61,8.96,8.57,390619.28
2020-07-15,8.69,8.41,8.72,8.34,354075.98
2020-07-16,8.45,8.36,8.63,8.33,337011.45
2020-07-17,8.43,8.39,8.49,8.26,220928.08
2020-07-20,8.47,8.75,8.84,8.43,362000.19
2020-07-21,8.78,8.64,8.79,8.53,226942.14
2020-07-22,8.6,8.57,8.75,8.51,212964.61
2020-07-23,8.48,8.47,8.56,8.32,184957.98
2020-07-24,8.42,8.21,8.54,8.16,221522.16
2020-07-27,8.26,8.15,8.28,8.1,129288.14
2020-07-28,8.22,8.27,8.3,8.17,139696.16
2020-07-29,8.25,8.41,8.43,8.2,179828.93
2020-07-30,8.41,8.26,8.41,8.26,174879.24
2020-07-31,8.27,8.31,8.38,8.24,164856.09
2020-08-03,8.4,8.4,8.47,8.32,222008.13
2020-08-04,8.46,9.24,9.24,8.39,1360981.89
2020-08-05,9.0,8.87,9.03,8.81,999329.08
2020-08-06,8.95,9.25,9.41,8.88,922242.85
2020-08-07,9.1,9.16,9.49,8.96,669412.57
2020-08-10,9.08,9.12,9.37,8.87,527305.17
2020-08-11,9.31,9.71,10.03,9.3,1586927.4
2020-08-12,9.46,9.72,10.2,9.42,1248966.37
2020-08-13,9.83,9.7,9.96,9.38,727203.49
2020-08-14,9.6,10.07,10.5,9.56,910077.28
2020-08-17,10.19,11.08,11.08,10.07,907205.49
2020-08-18,11.3,11.34,11.67,10.75,1929458.21
2020-08-19,11.1,11.06,11.5,10.81,1273450.22
2020-08-20,10.63,10.29,10.8,10.18,1211220.71
2020-08-21,10.32,10.1,10.43,10.09,817512.2
2020-08-24,10.18,9.94,10.24,9.79,602527.5
2020-08-25,10.0,10.02,10.12,9.87,503380.22
2020-08-26,9.93,9.84,10.02,9.7,422425.01
2020-08-27,9.79,9.82,9.86,9.59,387722.54
2020-08-28,9.9,10.25,10.36,9.85,807599.33
2020-08-31,10.2,10.16,10.81,10.16,704012.61
2020-09-01,10.2,10.23,10.35,10.1,372836.03
2020-09-02,10.26,10.01,10.33,9.9,475969.7
2020-09-03,9.99,9.99,10.2,9.9,309005.15
2020-09-04,9.8,9.87,9.89,9.66,330748.26
2020-09-07,9.87,9.69,9.94,9.64,271361.11
2020-09-08,9.7,10.04,10.07,9.68,407270.46
2020-09-09,9.92,10.01,10.32,9.9,419447.97
2020-09-10,10.11,10.33,10.44,9.98,567754.05
2020-09-11,10.34,10.13,10.34,9.92,378074.33
2020-09-14,10.05,10.51,10.56,10.01,527163.69
2020-09-15,10.45,10.6,10.66,10.34,402393.67
2020-09-16,10.53,10.47,10.68,10.4,254580.96
2020-09-17,10.45,10.33,10.52,10.12,271942.48
2020-09-18,10.32,10.83,10.97,10.22,536647.5
2020-09-21,10.83,10.73,10.92,10.64,282225.89
2020-09-22,10.65,10.53,10.95,10.5,274209.14
2020-09-23,10.58,10.39,10.59,10.35,212941.2
2020-09-24,10.32,10.15,10.39,10.13,219465.69
2020-09-25,10.19,10.03,10.23,9.91,212711.24
2020-09-28,10.07,10.01,10.09,9.93,152882.17
2020-09-29,10.08,9.83,10.1,9.78,289101.75
2020-09-30,9.77,9.88,9.97,9.77,202338.3
2020-10-09,10.02,9.91,10.05,9.84,227932.41
2020-10-12,9.9,10.21,10.25,9.86,312562.59
2020-10-13,10.18,10.11,10.18,9.95,240014.61
2020-10-14,10.2,10.18,10.35,10.1,276651.23
2020-10-15,10.19,10.43,10.7,10.16,379081.33
2020-10-16,10.36,10.98,11.3,10.31,623194.99
2020-10-19,11.15,11.04,11.47,10.9,649643.22
2020-10-20,10.96,10.69,11.01,10.63,417597.08
2020-10-21,10.73,11.36,11.66,10.6,840247.91
2020-10-22,11.37,11.15,11.55,11.05,530478.74
2020-10-23,11.09,11.44,11.77,11.08,654333.58
2020-10-26,11.33,11.11,11.46,10.88,488292.47
2020-10-27,11.0,10.97,11.16,10.87,287171.96
2020-10-28,10.92,10.67,11.0,10.56,433739.94
2020-10-29,10.4,10.6,10.72,10.11,412852.98
2020-10-30,10.55,10.35,10.83,10.3,402443.14
2020-11-02,10.34,10.18,10.55,10.04,454549.87
2020-11-03,10.3,10.41,10.72,10.28,399159.58
2020-11-04,10.66,10.61,10.82,10.42,477627.98
2020-11-05,10.71,10.49,10.73,10.26,482707.45
2020-11-06,10.42,10.37,10.52,10.32,266981.11
2020-11-09,10.42,10.4,10.54,10.26,450317.39
2020-11-10,10.47,10.22,10.63,10.21,427761.8
2020-11-11,10.15,10.18,10.3,9.96,382477.8
2020-11-12,10.16,10.06,10.17,10.04,175168.68
2020-11-13,10.03,9.78,10.06,9.69,436834.11
2020-11-16,9.75,9.82,9.86,9.72,182425.07
2020-11-17,9.87,10.06,10.09,9.85,322853.66
2020-11-18,10.02,10.13,10.25,9.93,346566.41
2020-11-19,10.06,10.36,10.36,10.01,396839.34
2020-11-20,10.32,10.32,10.54,10.19,317104.97
2020-11-23,10.28,10.58,10.7,10.24,511202.97
2020-11-24,10.61,10.59,10.68,10.46,408733.28
2020-11-25,10.75,10.52,10.87,10.51,352553.86
2020-11-26,10.5,10.74,10.81,10.46,369240.06
2020-11-27,10.74,11.28,11.36,10.72,862877.78
2020-11-30,11.51,11.38,11.98,11.37,1093323.9
2020-12-01,11.49,11.83,11.95,11.22,762973.03
2020-12-02,11.72,11.59,11.95,11.52,472163.27
2020-12-03,11.79,11.88,12.5,11.63,885626.5
2020-12-04,11.69,11.53,11.78,11.31,542102.03
2020-12-07,11.61,11.5,11.7,11.47,400109.51
2020-12-08,11.68,11.35,11.74,11.3,391380.53
2020-12-09,11.39,11.23,11.55,11.22,338877.54
2020-12-10,11.15,11.08,11.27,11.02,229336.08
2020-12-11,11.18,10.97,11.22,10.92,301779.98
2020-12-14,11.04,10.96,11.14,10.88,241846.32
2020-12-15,10.9,10.58,10.95,10.48,511635.21
2020-12-16,10.69,10.51,10.74,10.48,285248.63
2020-12-17,10.54,10.68,10.72,10.4,314806.61
2020-12-18,10.6,10.5,10.77,10.5,216646.24
2020-12-21,10.5,10.6,10.61,10.39,283420.51
2020-12-22,10.64,10.3,10.7,10.26,347810.53
2020-12-23,10.3,10.39,10.48,10.19,317018.79
2020-12-24,10.41,10.51,10.63,10.39,273323.85
2020-12-25,10.46,10.44,10.57,10.37,183348.99
2020-12-28,10.45,10.61,10.67,10.27,345254.52
2020-12-29,10.71,10.5,10.89,10.47,271538.39
2020-12-30,10.43,10.63,10.63,10.33,261866.41
2020-12-31,10.57,10.67,10.86,10.53,350384.85
2021-01-04,10.4,9.81,10.4,9.61,1168857.14
2021-01-05,9.8,9.42,9.8,9.35,780055.69
2021-01-06,9.39,9.62,9.63,9.35,499042.13
2021-01-07,9.63,9.45,9.71,9.22,625273.1
2021-01-08,9.4,9.41,9.55,9.3,327801.91
2021-01-11,9.45,9.43,9.64,9.36,398643.79
2021-01-12,9.44,9.39,9.44,9.19,369280.0
2021-01-13,9.4,9.16,9.43,9.14,402327.78
2021-01-14,9.13,9.08,9.26,8.97,326603.33
2021-01-15,9.24,9.72,9.87,9.24,971592.9
2021-01-18,9.68,9.94,10.17,9.63,697592.44
2021-01-19,10.12,10.61,10.85,9.94,1024263.33
2021-01-20,10.5,10.34,10.7,10.19,587689.36
2021-01-21,10.27,10.5,10.67,10.26,448747.03
2021-01-22,10.49,10.12,10.49,10.0,371299.05
2021-01-25,10.1,9.86,10.1,9.64,443499.05
2021-01-26,9.8,10.25,10.35,9.65,475679.94
2021-01-27,10.12,10.39,10.68,10.08,441102.55
2021-01-28,10.26,10.06,10.35,9.98,330777.26
2021-01-29,10.14,10.42,10.7,10.12,597381.22
2021-02-01,9.92,10.24,10.42,9.7,633559.7
2021-02-02,10.31,10.2,10.54,10.02,446981.69
2021-02-03,10.18,10.58,10.82,10.07,639298.66
2021-02-04,10.55,10.79,11.25,10.48,719937.22
2021-02-05,10.8,11.02,11.28,10.75,879556.15
2021-02-08,11.0,10.66,11.04,10.32,783737.49
2021-02-09,10.61,10.66,10.67,10.43,383833.14
2021-02-10,10.63,10.38,10.95,10.32,535924.75
2021-02-18,10.42,11.03,11.15,10.42,759782.69
2021-02-19,10.95,11.3,11.5,10.9,628739.94
2021-02-22,11.21,11.19,11.4,10.99,548965.42
2021-02-23,11.11,12.0,12.31,11.11,1222703.97
2021-02-24,11.91,11.19,12.11,11.06,1241046.43
2021-02-25,11.29,11.2,11.56,10.99,760663.86
2021-02-26,10.96,11.0,11.17,10.71,620762.82
2021-03-01,10.98,11.03,11.11,10.87,337560.12
2021-03-02,11.06,10.81,11.1,10.74,367791.61
2021-03-03,10.79,11.34,11.38,10.77,575658.64
2021-03-04,11.22,11.26,11.51,11.12,455321.31
2021-03-05,11.53,11.74,11.88,11.31,779684.87
2021-03-08,11.68,11.34,11.76,11.32,534178.96
2021-03-09,11.42,11.15,11.53,10.96,476902.12
2021-03-10,11.1,10.78,11.24,10.6,501051.08
2021-03-11,10.89,11.42,11.48,10.86,564732.0
2021-03-12,11.38,11.61,11.66,11.33,449651.76
2021-03-15,11.6,11.74,11.98,11.46,462636.13
2021-03-16,11.83,12.26,12.35,11.75,741334.5
2021-03-17,12.27,12.16,12.27,11.96,365307.86
2021-03-18,12.06,12.09,12.25,11.97,287511.32
2021-03-19,12.07,11.65,12.19,11.58,442360.06
2021-03-22,11.57,11.61,11.86,11.52,357192.33
2021-03-23,11.49,11.67,12.03,11.46,486700.76
2021-03-24,11.59,11.38,11.66,11.32,347802.69
2021-03-25,11.34,11.31,11.53,11.25,235533.53
2021-03-26,11.39,11.4,11.56,11.31,291297.88
2021-03-29,11.39,11.51,11.53,11.26,320342.62
2021-03-30,11.44,11.36,11.45,11.11,329161.87
2021-03-31,11.33,11.26,11.35,11.1,245012.53
2021-04-01,11.22,11.17,11.3,11.09,185352.47
2021-04-02,11.19,10.95,11.22,10.92,235502.5
2021-04-06,10.97,11.09,11.21,10.95,167410.33
2021-04-07,11.08,11.13,11.21,11.04,194149.2
2021-04-08,11.08,10.95,11.13,10.93,244513.51
2021-04-09,10.97,11.03,11.07,10.93,123709.06
2021-04-12,11.03,10.89,11.05,10.83,179188.84
2021-04-13,10.89,10.68,10.98,10.62,209265.7
2021-04-14,10.68,10.6,10.73,10.53,227873.69
2021-04-15,10.6,10.54,10.62,10.35,184092.91
2021-04-16,10.51,10.53,10.6,10.48,140228.91
2021-04-19,10.55,10.91,10.97,10.32,312737.09
2021-04-20,10.81,10.97,11.03,10.8,206363.47
2021-04-21,10.96,11.11,11.2,10.95,221750.83
2021-04-22,11.11,10.91,11.15,10.84,158142.46
2021-04-23,10.87,10.94,11.04,10.85,124940.64
2021-04-26,11.01,11.13,11.35,11.01,308552.81
2021-04-27,11.13,11.31,11.34,11.12,226108.32
2021-04-28,11.3,11.4,11.44,11.14,217963.29
2021-04-29,11.79,11.93,12.07,11.61,619617.99
2021-04-30,11.93,11.93,12.15,11.84,563587.63
2021-05-06,11.95,12.58,12.71,11.95,661752.46
2021-05-07,12.51,12.77,12.85,12.45,459569.02
2021-05-10,12.75,12.79,12.8,12.36,315156.11
2021-05-11,12.64,12.91,13.03,12.61,307354.53
2021-05-12,12.89,12.84,13.08,12.8,248810.2
2021-05-13,12.75,12.66,12.89,12.58,276927.24
2021-05-14,12.7,12.9,13.12,12.64,285967.75
2021-05-17,12.96,12.94,13.03,12.58,208066.07
2021-05-18,12.83,12.83,12.94,12.74,120976.5
2021-05-19,12.75,12.9,13.07,12.7,155826.31
2021-05-20,12.8,13.23,13.34,12.76,308083.22
2021-05-21,13.23,12.68,13.33,12.53,318496.62
2021-05-24,12.84,12.86,13.26,12.7,302427.16
2021-05-25,12.96,13.26,13.3,12.29,299595.51
2021-05-26,13.25,13.58,13.95,13.13,349169.62
2021-05-27,13.47,13.29,13.55,13.17,238239.33
2021-05-28,13.4,13.24,13.4,13.15,150214.34
2021-05-31,13.24,13.49,13.5,13.2,209206.47
2021-06-01,13.39,13.6,13.77,13.23,259275.94
2021-06-02,13.6,13.78,13.94,13.32,241317.97
2021-06-03,13.79,13.58,13.85,13.49,241443.36
2021-06-04,13.54,14.05,14.2,13.53,263668.48
2021-06-07,14.0,13.85,14.1,13.8,274759.25
2021-06-08,13.87,13.84,14.03,13.66,194182.62
2021-06-09,13.88,13.63,13.88,13.61,127740.27
2021-06-10,13.63,13.53,13.85,13.51,200429.64
2021-06-11,13.5,13.48,13.67,13.4,172039.39
2021-06-15,13.48,13.24,13.48,13.18,213032.66
2021-06-16,13.22,13.23,13.44,13.2,151037.84
2021-06-17,13.25,13.15,13.4,13.13,124359.88
2021-06-18,13.22,13.04,13.22,12.96,157002.06
2021-06-21,12.96,12.56,13.12,12.41,348424.31
2021-06-22,12.73,13.21,13.27,12.69,312047.28
2021-06-23,13.38,13.12,13.4,13.04,158551.57
2021-06-24,13.21,13.47,13.51,12.92,247255.06
2021-06-25,13.48,13.48,13.56,13.23,240592.21
2021-06-28,12.95,12.65,12.96,12.49,203331.19
2021-06-29,12.66,12.67,12.82,12.57,183529.69
2021-06-30,12.67,12.64,12.86,12.63,131841.49
2021-07-01,12.68,12.77,12.92,12.59,182626.24
2021-07-02,12.7,12.65,12.74,12.38,184705.72
2021-07-05,12.63,12.84,12.86,12.27,188656.13
2021-07-06,12.94,13.24,13.35,12.79,260886.25
2021-07-07,13.37,13.7,13.97,13.3,319869.84
2021-07-08,13.75,13.47,13.86,13.03,392182.58
2021-07-09,13.45,12.87,13.6,12.83,252769.59
2021-07-12,13.05,12.16,13.06,12.05,616937.83
2021-07-13,12.15,12.25,12.31,11.91,259175.56
2021-07-14,12.18,11.59,12.19,11.5,450454.64
2021-07-15,11.61,11.87,12.02,11.46,328272.63
2021-07-16,11.87,11.85,12.03,11.66,189814.02
2021-07-19,11.9,11.75,11.9,11.6,300585.69
2021-07-20,11.64,11.7,11.8,11.6,164498.24
2021-07-21,11.75,11.52,11.82,11.4,242116.03
2021-07-22,11.52,11.71,11.8,11.43,222728.56
2021-07-23,11.7,11.77,11.8,11.46,247190.56
2021-07-26,11.62,11.34,11.66,11.28,240710.87
2021-07-27,11.36,10.89,11.46,10.88,297125.58
2021-07-28,10.9,10.93,11.1,10.87,249496.14
2021-07-29,11.04,11.09,11.34,10.97,235112.99
2021-07-30,11.01,10.81,11.16,10.75,235196.32
2021-08-02,10.71,10.99,11.1,10.48,270717.98
2021-08-03,10.89,10.88,11.05,10.77,195327.74
2021-08-04,10.9,10.58,10.91,10.49,481282.05
2021-08-05,10.59,10.48,10.73,10.48,294719.72
2021-08-06,10.48,10.6,10.65,10.26,213445.45
2021-08-09,10.58,10.87,11.01,10.53,273738.8
2021-08-10,10.97,11.18,11.2,10.77,355784.71
2021-08-11,11.18,11.36,11.52,11.1,442319.27
2021-08-12,11.34,11.18,11.34,11.06,216843.41
2021-08-13,11.15,11.17,11.26,11.05,179925.44
2021-08-16,11.29,11.18,11.3,11.06,183428.31
2021-08-17,11.1,11.18,11.26,10.95,279657.31
2021-08-18,11.12,11.55,11.56,11.1,351113.03
2021-08-19,11.44,11.0,11.45,10.96,340503.41
2021-08-20,10.99,10.95,11.09,10.73,209519.65
2021-08-23,10.95,10.88,11.07,10.78,208807.78
2021-08-24,10.87,11.11,11.18,10.85,260317.46
2021-08-25,11.12,11.03,11.21,10.86,215477.36
2021-08-26,11.22,11.34,11.46,11.11,430165.06
2021-08-27,11.47,12.0,12.13,11.35,488039.4
2021-08-30,12.0,11.78,12.0,11.71,278233.3
2021-08-31,11.71,12.11,12.2,11.63,286790.66
2021-09-01,12.17,12.51,12.65,12.02,461290.7
2021-09-02,12.48,12.34,12.51,12.24,438704.13
2021-09-03,12.39,12.15,12.42,12.08,314880.36
2021-09-06,12.04,12.08,12.23,11.93,236882.51
2021-09-07,12.1,12.4,12.47,11.94,423248.83
2021-09-08,12.32,12.3,12.52,12.25,259486.55
2021-09-09,12.3,12.32,12.42,12.15,311248.85
2021-09-10,12.32,12.9,13.18,12.31,534650.77
2021-09-13,12.8,12.92,12.98,12.67,246923.95
2021-09-14,12.9,12.82,13.0,12.63,304233.73
2021-09-15,12.81,12.4,12.81,12.33,206077.0
2021-09-16,12.39,12.23,12.48,12.17,198293.83
2021-09-17,12.3,12.73,12.82,12.17,288400.45
2021-09-22,12.28,12.06,12.35,11.92,330104.5
2021-09-23,12.19,12.14,12.27,12.1,213719.52
2021-09-24,12.18,12.15,12.28,12.03,139035.71
2021-09-27,12.1,12.23,12.33,11.84,251195.05
2021-09-28,12.25,12.34,12.67,12.13,265440.4
2021-09-29,12.19,12.41,12.5,12.1,162842.5
2021-09-30,12.36,11.86,12.39,11.75,380559.64
2021-10-08,11.86,12.36,12.36,11.82,261737.23
2021-10-11,12.36,12.69,12.86,12.36,274536.96
2021-10-12,12.62,12.69,12.84,12.54,221135.92
2021-10-13,12.77,12.89,12.99,12.58,225169.05
2021-10-14,12.9,12.62,12.98,12.47,186198.97
2021-10-15,12.62,12.75,12.85,12.52,228216.86
2021-10-18,12.77,12.67,12.83,12.52,176242.27
2021-10-19,12.65,12.99,13.09,12.61,226648.26
2021-10-20,12.96,12.31,13.05,12.24,438591.06
2021-10-21,12.46,12.74,12.8,12.35,347901.0
2021-10-22,12.81,12.56,13.05,12.48,232934.48
2021-10-25,12.51,12.69,12.75,12.36,156473.04
2021-10-26,12.66,12.99,13.15,12.6,316773.93
2021-10-27,12.9,12.98,13.13,12.67,284536.9
2021-10-28,12.99,12.93,13.14,12.7,235060.03
2021-10-29,12.65,12.76,13.0,12.35,428766.12
2021-11-01,12.86,12.66,12.93,12.6,276988.72
2021-11-02,12.67,12.33,12.67,12.21,307401.68
2021-11-03,12.35,12.37,12.45,12.24,254428.08
2021-11-04,12.4,12.18,12.42,12.08,252289.76
2021-11-05,12.12,12.1,12.27,12.08,196767.29
2021-11-08,12.08,11.78,12.12,11.68,369065.78
2021-11-09,11.83,11.76,11.87,11.64,261194.64
2021-11-10,11.73,11.73,11.8,11.58,132878.19
2021-11-11,11.75,11.98,12.01,11.74,393464.37
2021-11-12,11.92,11.97,12.03,11.86,186613.12
2021-11-15,11.97,11.97,12.02,11.76,150880.47
2021-11-16,11.95,11.87,12.08,11.8,109985.49
2021-11-17,11.88,11.71,11.9,11.68,104320.87
2021-11-18,11.69,11.43,11.75,11.4,186752.27
2021-11-19,11.45,11.66,11.7,11.42,119844.85
2021-11-22,11.68,11.63,11.79,11.51,127722.28
2021-11-23,11.63,11.68,11.79,11.57,103931.33
2021-11-24,11.7,11.57,11.72,11.54,185504.13
2021-11-25,11.55,11.49,11.57,11.48,79334.3
2021-11-26,11.48,11.36,11.51,11.34,114112.45
2021-11-29,11.3,11.22,11.44,11.18,147818.63
2021-11-30,11.27,11.21,11.42,11.14,136903.54
2021-12-01,11.18,11.13,11.32,11.07,242647.54
2021-12-02,11.09,11.16,11.18,11.06,209449.2
2021-12-03,11.25,11.39,11.44,11.06,246869.46
2021-12-06,11.49,11.53,11.84,11.48,289984.28
2021-12-07,11.67,11.74,11.8,11.64,278962.96
2021-12-08,11.79,11.61,11.79,11.52,209553.83
2021-12-09,11.64,11.65,11.79,11.53,227866.16
2021-12-10,11.66,11.65,11.83,11.57,216932.11
2021-12-13,11.7,11.66,11.9,11.63,223950.05
2021-12-14,11.66,11.54,11.73,11.51,164647.68
2021-12-15,11.54,11.52,11.64,11.52,112598.67
2021-12-16,11.54,11.73,11.75,11.48,266029.63
2021-12-17,11.76,11.58,11.76,11.57,141029.1
2021-12-20,11.6,11.63,11.7,11.51,181064.0
2021-12-21,11.68,11.78,11.83,11.61,169699.22
2021-12-22,11.77,11.85,11.91,11.75,162480.99
2021-12-23,11.87,11.91,11.95,11.76,166884.73
2021-12-24,11.92,11.96,12.04,11.86,152468.65
2021-12-27,11.99,11.97,12.12,11.83,167000.0
2021-12-28,12.01,11.99,12.04,11.88,158310.12
2021-12-29,11.96,11.9,11.97,11.84,183971.94
2021-12-30,11.89,11.93,12.0,11.85,155118.71
2021-12-31,11.9,12.0,12.02,11.83,169376.78
2022-01-04,12.01,12.14,12.15,11.9,170256.8
2022-01-05,12.26,12.52,12.75,12.17,439091.14
2022-01-06,12.57,12.38,12.66,12.34,235741.71
2022-01-07,12.38,12.81,12.91,12.38,391350.69
2022-01-10,12.83,13.16,13.23,12.76,535719.32
2022-01-11,13.29,13.83,13.85,13.1,560392.74
2022-01-12,13.7,13.98,14.2,13.61,393552.08
2022-01-13,13.89,13.83,14.1,13.73,301564.18
2022-01-14,13.85,13.7,13.91,13.54,279973.21
2022-01-17,13.67,13.85,13.95,13.6,250656.28
2022-01-18,13.84,14.38,14.45,13.78,424772.34
2022-01-19,14.3,14.7,15.06,14.29,536098.27
2022-01-20,14.7,14.75,14.94,14.59,301425.19
2022-01-21,14.69,14.55,14.73,14.4,230553.1
2022-01-24,14.54,14.41,14.57,14.21,360976.45
2022-01-25,14.41,14.16,14.52,14.16,264287.76
2022-01-26,14.18,14.26,14.32,14.11,231452.4
2022-01-27,14.18,14.3,14.51,14.08,216648.17
2022-01-28,14.3,14.02,14.43,14.0,223213.18
2022-02-07,14.15,14.6,14.69,14.14,291213.25
2022-02-08,14.58,14.56,14.81,14.41,209983.4
2022-02-09,14.56,14.41,14.64,14.23,261572.95
2022-02-10,14.5,14.46,14.59,14.3,192233.48
2022-02-11,14.52,15.1,15.34,14.51,575278.71
2022-02-14,14.99,14.34,15.05,14.28,332816.24
2022-02-15,14.25,14.14,14.45,13.93,323100.1
2022-02-16,14.15,14.38,14.54,14.14,141192.54
2022-02-17,14.42,14.39,14.53,14.16,159283.13
2022-02-18,14.36,14.76,14.82,14.28,185928.73
2022-02-21,14.68,14.82,15.16,14.52,251131.33
2022-02-22,14.65,14.77,15.1,14.6,212145.12
2022-02-23,14.85,14.68,14.85,14.51,212752.67
2022-02-24,14.67,14.59,14.96,14.47,239789.26
2022-02-25,14.68,14.44,14.69,14.05,264096.42
2022-02-28,14.38,14.43,14.65,14.25,184077.35
2022-03-01,14.63,14.95,15.07,14.59,676148.7
2022-03-02,14.91,14.95,15.03,14.84,675184.66
2022-03-03,14.57,14.7,14.85,14.47,607993.64
2022-03-04,14.71,14.9,15.05,14.56,342222.56
2022-03-07,14.9,14.4,15.09,14.26,570648.35
2022-03-08,14.39,14.29,14.6,14.21,353358.86
2022-03-09,14.39,14.5,14.86,14.03,412301.46
2022-03-10,14.68,14.5,14.87,14.4,253630.11
2022-03-11,14.4,14.49,14.62,13.95,390406.51
2022-03-14,14.36,13.75,14.42,13.68,217983.03
2022-03-15,13.4,13.03,13.65,12.94,324753.5
2022-03-16,13.25,14.22,14.32,13.2,354814.09
2022-03-17,14.37,14.37,14.55,14.15,294577.6
2022-03-18,14.38,14.64,14.84,14.15,202952.97
2022-03-21,14.66,14.22,14.66,14.14,179206.35
2022-03-22,14.12,14.79,14.93,14.12,192009.96
2022-03-23,14.69,14.63,14.82,14.51,137522.13
2022-03-24,14.51,14.61,14.78,14.47,114636.15
2022-03-25,14.52,14.42,14.74,14.32,152111.88
2022-03-28,14.47,14.42,14.6,14.15,137079.26
2022-03-29,14.43,14.27,14.46,14.1,125989.74
2022-03-30,14.27,14.56,14.61,14.18,135806.39
2022-03-31,14.5,15.02,15.03,14.32,257915.98
2022-04-01,14.81,15.59,15.59,14.8,355049.0
2022-04-06,15.45,15.8,15.87,15.42,295641.0
2022-04-07,15.88,15.69,16.2,15.63,353092.0
2022-04-08,15.62,15.63,15.86,15.42,224801.0
2022-04-11,15.57,15.46,15.69,15.34,246404.0
2022-04-12,15.39,16.12,16.33,15.3,398817.0
2022-04-13,16.01,15.81,16.13,15.8,192328.0
2022-04-14,15.98,15.86,16.09,15.67,170605.0
2022-04-15,15.7,16.55,16.68,15.63,278299.0
2022-04-18,16.33,16.21,16.55,16.1,167796.0
2022-04-19,16.22,16.23,16.34,15.85,171873.0
2022-04-20,16.12,15.5,16.28,15.4,307038.0
2022-04-21,15.43,15.66,16.04,15.43,214017.0
2022-04-22,15.58,16.3,16.68,15.58,392589.0
2022-04-25,16.16,15.88,16.5,15.83,315423.0
2022-04-26,15.99,15.66,16.12,15.5,262390.0
2022-04-27,15.43,15.9,16.1,15.22,269641.0
2022-04-28,16.43,17.08,17.1,16.25,358194.0
2022-04-29,17.02,16.79,17.41,16.43,416706.0
2022-05-05,16.75,17.36,17.49,16.62,308265.0
2022-05-06,17.15,17.2,17.7,16.86,217094.0
2022-05-09,17.11,16.42,17.18,15.88,380107.0
2022-05-10,16.16,16.74,16.85,16.03,292872.0
2022-05-11,16.74,16.15,16.81,16.09,385109.0
2022-05-12,16.15,15.89,16.28,15.67,360005.0
2022-05-13,15.89,16.2,16.49,15.89,330690.0
2022-05-16,16.27,16.08,16.33,15.71,258108.0
2022-05-17,16.11,16.05,16.3,15.85,260618.0
2022-05-18,16.11,15.61,16.11,15.36,295199.0
2022-05-19,15.47,15.67,15.76,15.31,145505.0
2022-05-20,15.76,15.24,15.8,15.15,423646.0
2022-05-23,15.09,15.21,15.33,14.96,255641.0
2022-05-24,15.19,14.93,15.33,14.91,232140.0
2022-05-25,14.99,15.3,15.35,14.83,229708.0
2022-05-26,15.5,15.49,15.55,15.18,217537.0
2022-05-27,15.51,15.78,15.95,15.35,238922.0
2022-05-30,15.78,15.46,15.83,15.28,231665.0
2022-05-31,15.46,15.29,15.64,15.03,213356.0
2022-06-01,15.28,15.49,15.68,15.2,206670.0
2022-06-02,15.45,15.4,15.63,15.37,145204.0
2022-06-06,15.4,15.86,15.89,15.15,235694.0
2022-06-07,15.83,16.6,16.76,15.71,337529.0
2022-06-08,16.5,16.74,16.89,16.45,186444.0
2022-06-09,16.76,17.03,17.11,16.75,213204.0
2022-06-10,16.94,17.27,17.4,16.9,258297.0
2022-06-13,17.15,17.34,17.48,17.11,248768.0
2022-06-14,17.3,17.47,17.6,17.1,262269.0
2022-06-15,17.7,17.34,17.7,17.2,272249.0
2022-06-16,17.37,16.72,17.44,16.66,298198.0
2022-06-17,16.8,16.83,17.0,16.55,212258.0
2022-06-20,16.83,16.53,16.92,16.31,216770.0
2022-06-21,16.65,16.86,16.95,16.52,168713.0
2022-06-22,16.98,16.71,17.2,16.64,177279.0
2022-06-23,16.72,16.73,16.95,16.58,141273.0
2022-06-24,16.68,16.35,16.72,16.08,341141.0
2022-06-27,16.29,16.96,17.08,16.21,343023.0
2022-06-28,16.86,16.61,17.08,16.33,281710.0
2022-06-29,16.09,16.41,16.73,16.02,277259.0
2022-06-30,16.4,16.58,16.69,16.23,114125.0
2022-07-01,16.58,16.36,16.63,16.34,124251.0
2022-07-04,16.26,16.38,16.46,16.06,184664.0
2022-07-05,16.4,16.7,16.8,16.31,164698.0
2022-07-06,16.54,16.47,16.64,16.3,122783.0
2022-07-07,16.57,16.75,16.85,16.33,105628.0
2022-07-08,16.88,16.35,16.95,16.33,124299.0
2022-07-11,16.37,16.57,16.82,16.31,151104.0
2022-07-12,16.62,16.74,17.29,16.62,241414.0
2022-07-13,16.75,16.05,16.75,15.86,278764.0
2022-07-14,15.91,15.95,16.1,15.26,369315.0
2022-07-15,15.97,15.95,16.7,15.71,262722.0
2022-07-18,16.0,15.97,16.34,15.85,194056.0
2022-07-19,16.08,15.97,16.23,15.87,189021.0
2022-07-20,16.01,16.08,16.12,15.89,125749.0
2022-07-21,16.07,15.21,16.22,15.13,538283.0
2022-07-22,15.33,15.52,15.65,15.28,198306.0
2022-07-25,15.39,15.49,15.7,15.35,135954.0
2022-07-26,15.5,15.86,15.9,15.45,163337.0
2022-07-27,15.84,15.8,15.9,15.64,61359.0
2022-07-28,15.83,15.48,15.87,15.4,175594.0
2022-07-29,15.45,15.41,15.59,15.31,136215.0
2022-08-01,15.35,15.44,15.57,15.14,135585.0
2022-08-02,15.15,15.05,15.4,14.88,175597.0
2022-08-03,15.12,14.92,15.29,14.89,150883.0
2022-08-04,15.01,15.01,15.15,14.85,172331.0
2022-08-05,15.1,15.02,15.14,14.85,115533.0
2022-08-08,14.9,15.06,15.2,14.89,105409.0
2022-08-09,15.1,14.85,15.11,14.7,168207.0
2022-08-10,14.87,14.69,15.0,14.57,180743.0
2022-08-11,14.7,14.6,14.8,14.2,320628.0
2022-08-12,14.52,14.92,15.01,14.39,260938.0
2022-08-15,14.86,14.26,14.99,14.15,356953.0
2022-08-16,14.3,14.3,14.43,14.15,212869.0
2022-08-17,14.21,14.48,14.59,14.09,229598.0
2022-08-18,14.36,14.18,14.49,14.16,151416.0
2022-08-19,14.15,14.24,14.38,14.1,129244.0
2022-08-22,14.17,14.5,14.61,14.15,198747.0
2022-08-23,14.54,14.22,14.55,14.2,184979.0
2022-08-24,14.23,14.23,14.37,14.19,121859.0
2022-08-25,14.3,14.46,14.47,14.15,154188.0
2022-08-26,14.42,14.79,14.9,14.32,270676.0
2022-08-29,14.6,14.59,14.77,14.22,237687.0
2022-08-30,15.0,15.28,15.4,14.91,393976.0
2022-08-31,15.49,15.69,15.9,15.3,421686.0
2022-09-01,15.55,15.45,15.76,15.41,242076.0
2022-09-02,15.49,15.34,15.59,15.28,201204.0
2022-09-05,15.34,15.51,15.58,15.12,178601.0
2022-09-06,15.5,15.6,15.86,15.45,237124.0
2022-09-07,15.69,15.75,15.92,15.43,177349.0
2022-09-08,15.86,16.04,16.18,15.72,182773.0
2022-09-09,16.08,16.51,16.66,16.0,259438.0
2022-09-13,16.49,16.44,16.8,16.29,207869.0
2022-09-14,16.3,16.55,16.6,16.2,175512.0
2022-09-15,16.62,16.56,17.01,16.45,194166.0
2022-09-16,16.58,16.3,16.71,16.22,186145.0
2022-09-19,16.31,16.31,16.44,16.08,193865.0
2022-09-20,16.35,16.07,16.39,15.98,139156.0
2022-09-21,16.06,15.93,16.16,15.88,108284.0
2022-09-22,15.93,16.09,16.17,15.82,123993.0
2022-09-23,16.09,16.27,16.45,16.0,138350.0
2022-09-26,16.21,15.9,16.28,15.86,127276.0
2022-09-27,15.92,15.96,16.05,15.6,194441.0
2022-09-28,15.88,16.18,16.34,15.82,179070.0
2022-09-29,16.23,16.32,16.62,16.18,155639.0
2022-09-30,16.3,16.36,16.65,16.28,120352.0
2022-10-10,16.36,16.1,16.36,15.95,171966.0
2022-10-11,16.11,16.15,16.33,16.0,115869.0
2022-10-12,16.15,16.27,16.55,16.0,142842.0
2022-10-13,16.3,15.79,16.35,15.7,176409.0
2022-10-14,16.18,15.67,16.38,15.63,278760.0
2022-10-17,15.65,15.64,15.78,15.48,181681.0
2022-10-18,15.67,15.45,15.84,15.25,275213.0
2022-10-19,15.33,15.1,15.59,15.09,198834.0
2022-10-20,15.13,15.14,15.27,15.06,115281.0
2022-10-21,15.15,15.12,15.22,14.96,165152.0
2022-10-24,15.07,14.87,15.1,14.8,156854.0
2022-10-25,14.83,14.7,14.96,14.6,148573.0
2022-10-26,14.78,14.23,14.8,14.14,286327.0
2022-10-27,14.3,14.24,14.49,14.21,199039.0
2022-10-28,14.21,14.26,14.45,14.12,182981.0
2022-10-31,14.27,13.62,14.27,13.47,299810.0
2022-11-01,13.62,13.54,13.78,13.27,391737.0
2022-11-02,13.4,13.37,13.49,13.0,422836.0
2022-11-03,13.23,13.36,13.47,13.16,224496.0
2022-11-04,13.38,13.7,13.93,13.32,297549.0
2022-11-07,13.63,13.5,13.74,13.36,255664.0
2022-11-08,13.52,13.43,13.56,13.33,139789.0
2022-11-09,13.44,13.32,13.58,13.29,167407.0
2022-11-10,13.2,13.25,13.3,12.97,189666.0
2022-11-11,13.43,14.08,14.3,13.35,536047.0
2022-11-14,14.2,14.7,15.04,14.2,547357.0
2022-11-15,14.7,14.77,15.03,14.53,267245.0
2022-11-16,14.78,14.48,14.78,14.44,189799.0
2022-11-17,14.44,14.44,14.59,14.31,171932.0
2022-11-18,14.52,14.4,14.59,14.18,154805.0
2022-11-21,14.28,14.28,14.35,14.08,162250.0
2022-11-22,14.28,14.75,14.82,14.23,208008.0
2022-11-23,14.8,14.6,15.03,14.51,214180.0
2022-11-24,14.66,14.68,14.86,14.6,146551.0
2022-11-25,14.68,15.01,15.1,14.65,217907.0
2022-11-28,14.82,14.7,14.82,14.52,139115.0
2022-11-29,14.96,15.64,15.74,14.91,439825.0
2022-11-30,15.54,15.35,15.67,15.27,178053.0
2022-12-01,15.4,15.08,15.6,15.08,188623.0
2022-12-02,15.05,14.78,15.23,14.61,190469.0
2022-12-05,14.87,15.22,15.38,14.78,237639.0
2022-12-06,15.15,15.3,15.37,15.0,157053.0
2022-12-07,15.3,14.99,15.42,14.84,231648.0
2022-12-08,15.01,15.04,15.27,14.94,195747.0
2022-12-09,15.05,15.32,15.49,15.04,264107.0
2022-12-12,15.25,14.78,15.25,14.72,181739.0
2022-12-13,14.78,14.84,15.02,14.71,154352.0
2022-12-14,14.77,14.97,15.0,14.66,110469.0
2022-12-15,14.97,14.65,14.97,14.55,106315.0
2022-12-16,14.56,14.79,14.98,14.56,121354.0
2022-12-19,14.76,14.46,14.89,14.4,109222.0
2022-12-20,14.41,14.16,14.53,14.06,118581.0
2022-12-21,14.19,14.24,14.34,14.13,72515.0
2022-12-22,14.35,14.24,14.44,14.18,80177.0
2022-12-23,14.12,14.1,14.25,14.05,67595.0
2022-12-26,14.12,14.24,14.62,14.0,142955.0
2022-12-27,14.35,14.77,14.8,14.28,144208.0
2022-12-28,14.76,14.94,15.1,14.7,139421.0
2022-12-29,14.94,15.07,15.15,14.75,142408.0
2022-12-30,15.08,15.3,15.42,14.96,207585.0
2023-01-03,15.28,15.15,15.37,15.06,218930.0
2023-01-04,15.08,15.31,15.5,15.07,245562.0
2023-01-05,15.35,15.17,15.55,15.09,219058.0
2023-01-06,15.17,15.13,15.26,14.89,231711.0
2023-01-09,15.17,14.96,15.2,14.87,169267.0
2023-01-10,14.98,14.77,14.99,14.7,172385.0
2023-01-11,14.8,14.84,14.93,14.74,211217.0
2023-01-12,14.8,14.64,14.84,14.52,203065.0
2023-01-13,14.66,14.61,14.78,14.48,256516.0
2023-01-16,14.62,14.49,14.79,14.39,463509.0
2023-01-17,14.49,14.35,14.49,14.13,299130.0
2023-01-18,14.28,14.31,14.37,14.2,237070.0
2023-01-19,14.26,14.16,14.28,14.08,320490.0
2023-01-20,14.18,14.36,14.4,14.11,320429.0
2023-01-30,14.56,14.62,14.95,14.45,446206.0
2023-01-31,14.63,14.52,14.77,14.51,200726.0
2023-02-01,14.53,14.51,14.58,14.32,237065.0
2023-02-02,14.5,14.35,14.5,14.3,153791.0
2023-02-03,14.35,14.16,14.39,14.1,180272.0
2023-02-06,14.08,13.93,14.08,13.76,314139.0
2023-02-07,13.95,14.08,14.15,13.95,154024.0
2023-02-08,14.07,14.0,14.09,13.99,120390.0
2023-02-09,13.95,14.02,14.13,13.88,165318.0
2023-02-10,14.02,13.98,14.04,13.91,129250.0
2023-02-13,13.98,13.96,14.06,13.85,208234.0
2023-02-14,13.99,14.0,14.08,13.93,123874.0
2023-02-15,13.98,13.77,13.98,13.72,185140.0
2023-02-16,13.75,13.57,13.83,13.53,208910.0
2023-02-17,13.51,13.25,13.61,13.22,422346.0
2023-02-20,13.8,14.48,14.58,13.7,884236.0
2023-02-21,14.47,14.55,14.7,14.45,411076.0
2023-02-22,14.52,14.34,14.53,14.29,175735.0
2023-02-23,14.4,14.42,14.55,14.35,183526.0
2023-02-24,14.44,14.35,14.48,14.3,149246.0
2023-02-27,14.28,14.45,14.5,14.2,229133.0
2023-02-28,14.45,14.37,14.52,14.26,143564.0
2023-03-01,14.4,14.54,14.58,14.33,187720.0
2023-03-02,14.5,14.51,14.62,14.41,154832.0
2023-03-03,14.5,14.55,14.61,14.44,145218.0
2023-03-06,14.55,14.38,14.69,14.34,181826.0
2023-03-07,14.43,14.44,14.72,14.35,276228.0
2023-03-08,14.35,14.1,14.35,14.03,347832.0
2023-03-09,14.14,14.04,14.25,14.03,141471.0
2023-03-10,13.78,13.8,14.05,13.71,182220.0
2023-03-13,13.74,13.72,13.87,13.67,179492.0
2023-03-14,13.62,13.58,13.75,13.53,139703.0
2023-03-15,13.7,13.74,13.86,13.65,123902.0
2023-03-16,13.63,13.59,13.81,13.47,202522.0
2023-03-17,13.64,13.49,13.76,13.46,195727.0
2023-03-20,13.51,13.35,13.58,13.34,199561.0
2023-03-21,13.42,13.45,13.47,13.31,147817.0
2023-03-22,13.51,13.69,13.75,13.44,189107.0
2023-03-23,13.6,13.63,13.67,13.52,134624.0
2023-03-24,13.63,13.44,13.63,13.35,142625.0
2023-03-27,13.46,13.36,13.47,13.26,129863.0
2023-03-28,13.4,13.38,13.55,13.34,110728.0
2023-03-29,13.39,13.39,13.47,13.35,105253.0
2023-03-30,13.4,13.52,13.53,13.31,124997.0
2023-03-31,13.51,13.56,13.75,13.47,200111.0
2023-04-03,13.55,13.74,13.78,13.55,151304.0
2023-04-04,13.74,13.68,13.77,13.56,142039.0
2023-04-06,13.67,13.64,13.68,13.53,93541.0
2023-04-07,13.64,13.63,13.69,13.59,89887.0
2023-04-10,13.65,13.63,13.75,13.53,123458.0
2023-04-11,13.63,13.46,13.64,13.42,261619.0
2023-04-12,13.48,13.48,13.56,13.43,125859.0
2023-04-13,13.48,13.61,13.69,13.38,168082.0
2023-04-14,13.61,13.82,13.86,13.54,215498.0
2023-04-17,13.82,14.18,14.18,13.8,215551.0
2023-04-18,14.21,14.26,14.4,14.13,225289.0
2023-04-19,14.33,14.23,14.36,14.19,146940.0
2023-04-20,14.27,14.16,14.32,13.96,166714.0
2023-04-21,14.18,13.88,14.23,13.8,206161.0
2023-04-24,13.9,13.76,14.03,13.72,182874.0
2023-04-25,13.83,13.94,14.04,13.72,255270.0
2023-04-26,13.64,13.37,13.64,12.96,641879.0
2023-04-27,13.34,13.75,13.78,13.3,371514.0
2023-04-28,13.61,13.74,13.85,13.49,313991.0
2023-05-04,13.62,13.75,13.84,13.51,285363.0
2023-05-05,13.76,13.85,14.15,13.73,298645.0
2023-05-08,13.9,14.12,14.25,13.73,373982.0
2023-05-09,14.2,13.8,14.33,13.75,328418.0
2023-05-10,13.78,13.5,13.84,13.48,238675.0
2023-05-11,13.53,13.6,13.67,13.42,159328.0
2023-05-12,13.58,13.37,13.58,13.35,224252.0
2023-05-15,13.34,13.46,13.47,13.18,206612.0
2023-05-16,13.44,13.54,13.83,13.42,276537.0
2023-05-17,13.51,13.41,13.56,13.38,125518.0
2023-05-18,13.45,13.47,13.58,13.4,115039.0
2023-05-19,13.43,13.37,13.45,13.33,122122.0
2023-05-22,13.35,13.38,13.44,13.34,72865.0
2023-05-23,13.38,13.2,13.42,13.2,150636.0
2023-05-24,13.18,12.57,13.21,12.55,501687.0
2023-05-25,12.53,12.48,12.61,12.43,205264.0
2023-05-26,12.48,12.62,12.63,12.41,97589.0
2023-05-29,12.66,12.32,12.76,12.29,228076.0
2023-05-30,12.31,12.5,12.5,12.08,277284.0
2023-05-31,12.46,12.57,12.58,12.33,162734.0
2023-06-01,12.46,12.4,12.57,12.38,104350.0
2023-06-02,12.48,12.7,12.73,12.42,185454.0
2023-06-05,12.69,12.65,12.75,12.58,84692.0
2023-06-06,12.62,12.7,12.88,12.62,136308.0
2023-06-07,12.74,12.76,12.85,12.71,71488.0
2023-06-08,12.77,13.05,13.09,12.73,183805.0
2023-06-09,13.02,12.88,13.05,12.86,114177.0
2023-06-12,12.86,12.78,12.89,12.7,91456.0
2023-06-13,12.79,12.83,12.88,12.76,93627.0
2023-06-14,12.87,12.65,12.88,12.61,114712.0
2023-06-15,12.69,12.63,12.69,12.48,109609.0
2023-06-16,12.67,12.63,12.71,12.56,132955.0
2023-06-19,12.66,12.46,12.68,12.43,131412.0
2023-06-20,12.46,12.3,12.49,12.27,146389.0
2023-06-21,12.28,12.25,12.4,12.24,95534.0
2023-06-26,12.22,12.25,12.32,12.07,129575.0
2023-06-27,12.22,12.39,12.45,12.17,119815.0
2023-06-28,12.37,12.43,12.45,12.33,72985.0
2023-06-29,12.4,12.24,12.44,12.19,129390.0
2023-06-30,12.22,12.21,12.3,12.2,141704.0
2023-07-03,12.26,12.47,12.48,12.2,140367.0
2023-07-04,12.43,12.35,12.47,12.28,113140.0
2023-07-05,12.38,12.33,12.38,12.25,50715.0
2023-07-06,12.29,12.22,12.34,12.2,77700.0
2023-07-07,12.2,12.22,12.26,12.13,84363.0
2023-07-10,12.24,12.39,12.49,12.23,163133.0
2023-07-11,12.45,12.6,12.65,12.39,139883.0
2023-07-12,12.6,12.9,13.07,12.55,297855.0
2023-07-13,12.95,12.98,13.02,12.91,133270.0
2023-07-14,13.02,12.86,13.02,12.81,93233.0
2023-07-17,12.81,12.84,12.9,12.74,74355.0
2023-07-18,12.82,12.88,12.9,12.73,83113.0
2023-07-19,12.91,12.87,12.97,12.82,72996.0
2023-07-20,12.91,12.87,12.97,12.84,69733.0
2023-07-21,12.86,12.99,13.05,12.84,167247.0
2023-07-24,13.0,12.83,13.01,12.82,131826.0
2023-07-25,13.2,13.58,13.66,13.19,557814.0
2023-07-26,12.79,12.85,12.92,12.72,223147.0
2023-07-27,12.88,13.01,13.07,12.77,196717.0
2023-07-28,12.93,13.85,13.97,12.9,566945.0
2023-07-31,13.88,14.14,14.52,13.87,504248.0
2023-08-01,14.09,14.0,14.3,13.89,274335.0
2023-08-02,13.85,13.81,14.02,13.59,331982.0
2023-08-03,13.81,13.86,13.95,13.6,256343.0
2023-08-04,13.95,13.85,14.1,13.74,255399.0
2023-08-07,13.72,13.86,13.89,13.62,190908.0
2023-08-08,13.86,13.93,14.05,13.78,219190.0
2023-08-09,13.93,13.95,14.02,13.82,126180.0
2023-08-10,13.9,13.97,14.09,13.85,119823.0
2023-08-11,13.95,13.74,14.01,13.7,148186.0
2023-08-14,13.62,13.52,13.69,13.45,167851.0
2023-08-15,13.55,13.7,13.77,13.5,159653.0
2023-08-16,13.61,13.68,13.79,13.51,147004.0
2023-08-17,13.98,13.62,14.1,13.45,339238.0
2023-08-18,13.71,13.86,14.07,13.63,332481.0
2023-08-21,13.97,13.77,14.01,13.77,155461.0
2023-08-22,13.83,14.0,14.05,13.82,222428.0
2023-08-23,14.07,13.87,14.08,13.78,144008.0
2023-08-24,13.86,13.82,13.92,13.72,116284.0
2023-08-25,13.85,14.0,14.07,13.8,161683.0
2023-08-28,14.68,14.19,14.75,14.1,288199.0
2023-08-29,14.19,14.02,14.22,13.88,196050.0
2023-08-30,13.97,13.65,14.2,13.58,432531.0
2023-08-31,13.65,13.69,13.86,13.61,176955.0
2023-09-01,13.73,14.04,14.06,13.73,195846.0
2023-09-04,14.0,14.08,14.24,14.0,247107.0
2023-09-05,13.97,13.81,14.1,13.78,221463.0
2023-09-06,13.8,13.71,13.85,13.66,125965.0
2023-09-07,13.71,13.65,13.78,13.61,74751.0
2023-09-08,13.68,13.65,13.68,13.53,72250.0
2023-09-11,13.71,13.78,13.88,13.64,124758.0
2023-09-12,13.8,13.67,13.81,13.6,75129.0
2023-09-13,13.67,13.63,13.75,13.61,78868.0
2023-09-14,13.63,13.72,13.73,13.61,95032.0
2023-09-15,13.75,13.71,13.99,13.61,185943.0
2023-09-18,13.71,13.79,13.8,13.63,93528.0
2023-09-19,13.75,13.95,13.98,13.72,159571.0
2023-09-20,13.98,14.1,14.14,13.91,145633.0
2023-09-21,14.1,14.03,14.19,13.98,90626.0
2023-09-22,14.09,14.01,14.09,13.91,101723.0
2023-09-25,14.04,14.07,14.12,13.94,102695.0
2023-09-26,14.09,14.0,14.13,13.91,128308.0
2023-09-27,14.02,13.92,14.07,13.85,88097.0
2023-09-28,13.98,13.76,13.98,13.72,142479.0
2023-10-09,13.66,13.71,13.77,13.55,142595.0
2023-10-10,13.75,13.61,13.79,13.55,115465.0
2023-10-11,13.61,13.48,13.7,13.41,132112.0
2023-10-12,13.58,13.68,13.75,13.53,138261.0
2023-10-13,13.6,13.66,13.77,13.53,121332.0
2023-10-16,13.68,13.68,13.72,13.55,99016.0
2023-10-17,13.69,13.73,13.89,13.67,80669.0
2023-10-18,13.8,13.5,13.8,13.44,148548.0
2023-10-19,13.45,13.15,13.49,13.15,116105.0
2023-10-20,13.11,13.25,13.36,13.11,97682.0
2023-10-23,13.16,13.1,13.27,13.0,91978.0
2023-10-24,13.11,13.07,13.2,12.93,111377.0
2023-10-25,13.2,13.15,13.24,12.78,162551.0
2023-10-26,13.05,13.26,13.31,13.05,121253.0
2023-10-27,12.95,12.61,12.95,12.36,557574.0
2023-10-30,12.48,12.41,12.57,12.29,364022.0
2023-10-31,12.39,12.36,12.44,12.3,252609.0
2023-11-01,12.4,12.31,12.41,12.26,187350.0
2023-11-02,12.27,12.26,12.37,12.24,139093.0
2023-11-03,12.29,12.28,12.32,12.19,141297.0
2023-11-06,12.28,12.23,12.32,12.18,289130.0
2023-11-07,12.2,12.23,12.25,12.16,145907.0
2023-11-08,12.21,12.16,12.25,12.13,119618.0
2023-11-09,12.13,12.24,12.28,12.13,131613.0
2023-11-10,12.2,12.08,12.23,12.05,170739.0
2023-11-13,12.07,12.03,12.1,11.96,144855.0
2023-11-14,12.04,12.04,12.08,12.0,82813.0
2023-11-15,12.08,12.02,12.13,11.99,134575.0
2023-11-16,12.01,12.01,12.05,11.97,89412.0
2023-11-17,11.99,11.86,12.0,11.85,148631.0
2023-11-20,11.84,11.89,11.9,11.77,169994.0
2023-11-21,11.88,11.93,12.04,11.88,178421.0
2023-11-22,11.91,11.83,11.93,11.81,147196.0
2023-11-23,11.82,11.83,11.85,11.74,171214.0
2023-11-24,11.81,11.86,11.95,11.79,222839.0
2023-11-27,11.84,11.68,11.89,11.63,269145.0
2023-11-28,11.65,11.57,11.74,11.51,209153.0
2023-11-29,11.56,11.4,11.58,11.37,260896.0
2023-11-30,11.39,11.31,11.47,11.31,180443.0
2023-12-01,11.32,11.33,11.37,11.25,175334.0
2023-12-04,11.32,11.17,11.35,11.11,230746.0
2023-12-05,11.12,10.91,11.16,10.89,223852.0
2023-12-06,10.87,11.04,11.08,10.8,255249.0
2023-12-07,11.05,11.01,11.08,10.87,202294.0
2023-12-08,10.99,10.98,11.01,10.91,278825.0
2023-12-11,10.94,11.05,11.07,10.7,273594.0
2023-12-12,11.01,11.18,11.21,10.96,193149.0
2023-12-13,11.16,11.01,11.19,11.01,176966.0
2023-12-14,11.06,10.89,11.1,10.87,138204.0
2023-12-15,10.92,10.93,11.11,10.92,189619.0
2023-12-18,10.93,10.93,11.07,10.89,186416.0
2023-12-19,10.93,10.9,10.96,10.84,129314.0
2023-12-20,10.9,10.91,11.04,10.89,189639.0
2023-12-21,10.89,10.97,11.01,10.78,165676.0
2023-12-22,11.02,10.93,11.05,10.88,172886.0
2023-12-25,10.93,10.96,10.99,10.88,117480.0
2023-12-26,10.97,11.01,11.14,10.94,264938.0
2023-12-27,11.0,11.06,11.09,10.96,149224.0
2023-12-28,11.06,11.28,11.31,11.02,322780.0
2023-12-29,11.24,11.26,11.3,11.19,200440.0
2024-01-02,11.29,11.18,11.34,11.17,222991.0
2024-01-03,11.18,11.22,11.24,11.13,132416.0
2024-01-04,11.22,11.11,11.25,11.05,195441.0
2024-01-05,11.13,11.41,11.72,11.08,577212.0
2024-01-08,11.34,11.39,11.66,11.34,349868.0
2024-01-09,11.36,11.58,11.64,11.27,321804.0
2024-01-10,11.55,11.59,11.64,11.48,237277.0
2024-01-11,11.57,11.6,11.69,11.54,213887.0
2024-01-12,11.57,11.78,11.93,11.56,267115.0
2024-01-15,11.78,11.9,11.93,11.75,270765.0
2024-01-16,11.87,12.1,12.13,11.85,368716.0
2024-01-17,12.12,12.06,12.32,12.06,408489.0
2024-01-18,11.92,12.05,12.1,11.68,466962.0
2024-01-19,11.98,12.02,12.09,11.88,206881.0
2024-01-22,12.04,11.81,12.13,11.8,347893.0
2024-01-23,11.8,11.93,11.98,11.69,247227.0
2024-01-24,11.99,12.11,12.13,11.82,328439.0
2024-01-25,12.13,12.17,12.26,12.09,329805.0
2024-01-26,12.28,12.4,12.62,12.2,409497.0
2024-01-29,12.8,12.55,12.8,12.3,490099.0
2024-01-30,12.45,12.43,12.65,12.31,276127.0
2024-01-31,12.4,12.53,12.7,12.35,324834.0
2024-02-01,12.47,12.51,12.61,12.41,239984.0
2024-02-02,12.51,12.43,12.58,12.17,307343.0
2024-02-05,12.38,12.42,12.52,12.24,346583.0
2024-02-06,12.42,12.59,12.59,12.27,331548.0
2024-02-07,12.59,12.49,12.59,12.3,370457.0
2024-02-08,12.48,12.35,12.48,12.23,327721.0
2024-02-19,12.45,12.84,12.84,12.36,392705.0
2024-02-20,12.79,12.88,12.9,12.73,190283.0
2024-02-21,12.85,13.35,13.59,12.83,393706.0
2024-02-22,13.3,13.65,13.65,13.29,276115.0
2024-02-23,13.65,13.7,14.07,13.62,334172.0
2024-02-26,13.66,13.3,13.69,13.26,282228.0
2024-02-27,13.29,13.22,13.38,13.08,239139.0
2024-02-28,13.23,13.11,13.25,13.04,230544.0
2024-02-29,13.09,13.23,13.23,13.02,198218.0
2024-03-01,13.16,13.14,13.24,13.1,159314.0
2024-03-04,13.08,13.05,13.12,12.97,201394.0
2024-03-05,13.0,13.46,13.49,12.98,326116.0
2024-03-06,13.42,13.38,13.58,13.37,216197.0
2024-03-07,13.35,13.58,13.77,13.34,217839.0
2024-03-08,13.6,13.51,13.68,13.48,140689.0
2024-03-11,13.51,13.41,13.58,13.32,140503.0
2024-03-12,13.42,13.2,13.44,13.17,238955.0
2024-03-13,13.2,13.11,13.21,12.99,209226.0
2024-03-14,13.06,13.09,13.24,13.0,154236.0
2024-03-15,13.13,13.17,13.25,13.07,165379.0
2024-03-18,13.18,13.1,13.18,12.98,168679.0
2024-03-19,13.09,12.99,13.15,12.96,146287.0
2024-03-20,12.98,13.08,13.15,12.88,160436.0
2024-03-21,13.05,13.11,13.2,13.02,175440.0
2024-03-22,13.09,13.01,13.13,12.91,120625.0
2024-03-25,12.95,13.25,13.32,12.95,228647.0
2024-03-26,13.24,13.39,13.47,13.24,220047.0
2024-03-27,13.33,13.6,13.71,13.31,308043.0
2024-03-28,13.58,13.53,13.66,13.41,213412.0
2024-03-29,13.49,13.6,13.76,13.41,196600.0
2024-04-01,13.64,13.72,13.73,13.56,132394.0
2024-04-02,13.73,13.83,13.9,13.7,137674.0
2024-04-03,13.83,13.76,13.88,13.6,116460.0
2024-04-08,13.73,13.83,13.88,13.65,157831.0
2024-04-09,13.81,13.78,14.0,13.76,135946.0
2024-04-10,13.78,13.71,13.96,13.67,169524.0
2024-04-11,13.66,13.81,13.9,13.56,171482.0
2024-04-12,13.72,13.73,13.93,13.71,106404.0
2024-04-15,13.82,13.91,13.94,13.7,152645.0
2024-04-16,13.92,13.87,14.01,13.75,181803.0
2024-04-17,13.9,14.07,14.07,13.8,178993.0
2024-04-18,14.07,14.22,14.45,14.04,253732.0
2024-04-19,14.19,14.2,14.32,14.13,125968.0
2024-04-22,14.27,14.38,14.49,14.26,191867.0
2024-04-23,14.46,14.5,14.7,14.42,256618.0
2024-04-24,14.5,14.24,14.54,13.92,386646.0
2024-04-25,14.18,14.81,14.9,14.16,593652.0
2024-04-26,14.72,14.42,14.96,14.32,543515.0
2024-04-29,14.49,14.57,14.78,14.42,559445.0
2024-04-30,14.56,14.8,15.03,14.52,479115.0
2024-05-06,14.92,14.79,15.05,14.77,393945.0
2024-05-07,14.79,14.72,14.8,14.59,246594.0
2024-05-08,14.73,14.94,14.98,14.65,276716.0
2024-05-09,14.95,15.15,15.18,14.95,224352.0
2024-05-10,15.15,15.35,15.44,15.12,280382.0
2024-05-13,15.35,15.77,15.79,15.28,295916.0
2024-05-14,15.79,15.76,15.87,15.6,224380.0
2024-05-15,15.76,16.08,16.18,15.75,302590.0
2024-05-16,16.15,16.16,16.24,15.89,356000.0
2024-05-17,16.15,16.03,16.2,15.8,339749.0
2024-05-20,15.96,15.8,16.09,15.67,382888.0
2024-05-21,15.78,16.06,16.12,15.7,249546.0
2024-05-22,16.04,15.93,16.17,15.87,284195.0
2024-05-23,15.85,15.84,15.99,15.76,147782.0
2024-05-24,15.79,15.72,15.97,15.69,156854.0
2024-05-27,15.75,15.95,15.98,15.7,168328.0
2024-05-28,15.99,15.93,16.07,15.81,144712.0
2024-05-29,15.92,15.91,16.1,15.83,181059.0
2024-05-30,15.9,15.72,15.99,15.62,168886.0
2024-05-31,15.72,15.8,15.87,15.67,157641.0
2024-06-03,15.79,15.48,15.85,15.33,300294.0
2024-06-04,15.53,15.66,15.69,15.42,213056.0
2024-06-05,15.66,15.37,15.68,15.32,244104.0
2024-06-06,15.38,15.37,15.5,15.3,124757.0
2024-06-07,15.42,15.47,15.5,15.36,137809.0
2024-06-11,15.47,15.13,15.5,15.1,194585.0
2024-06-12,15.13,15.19,15.23,14.9,202787.0
2024-06-13,15.18,15.02,15.28,14.96,133517.0
2024-06-14,15.01,15.4,15.48,14.9,215809.0
2024-06-17,15.35,14.96,15.39,14.81,301845.0
2024-06-18,14.95,14.92,15.07,14.82,139426.0
2024-06-19,14.94,15.05,15.16,14.92,141176.0
2024-06-20,15.07,14.94,15.13,14.94,134127.0
2024-06-21,14.95,14.96,15.07,14.89,111268.0
2024-06-24,14.97,14.79,14.97,14.73,171370.0
2024-06-25,14.8,14.88,14.98,14.79,128272.0
2024-06-26,14.82,14.82,14.96,14.77,121524.0
2024-06-27,14.82,15.1,15.26,14.78,229671.0
2024-06-28,15.14,15.19,15.4,14.99,196199.0
2024-07-01,15.21,15.66,15.68,15.2,258064.0
2024-07-02,15.66,15.85,15.91,15.63,207585.0
2024-07-03,15.86,15.61,15.93,15.48,171054.0
2024-07-04,15.62,15.5,15.67,15.44,200614.0
2024-07-05,14.72,14.23,14.77,14.15,383399.0
2024-07-08,14.24,14.35,14.54,14.23,241787.0
2024-07-09,14.35,14.84,14.85,14.31,228991.0
2024-07-10,14.83,14.73,14.91,14.68,114902.0
2024-07-11,14.83,14.56,14.86,14.44,179081.0
2024-07-12,14.55,14.9,14.9,14.53,211511.0
2024-07-15,14.81,14.92,14.99,14.81,153841.0
2024-07-16,14.94,14.82,15.08,14.76,144566.0
2024-07-17,14.8,14.87,14.9,14.77,118179.0
2024-07-18,14.87,14.97,14.98,14.67,148451.0
2024-07-19,14.89,14.93,14.96,14.77,126378.0
2024-07-22,14.87,14.65,14.92,14.55,165559.0
2024-07-23,14.64,14.81,15.0,14.6,248331.0
2024-07-24,14.81,14.87,15.07,14.78,169726.0
2024-07-25,14.89,14.75,15.03,14.65,161659.0
2024-07-26,14.79,14.66,14.89,14.51,180221.0
2024-07-29,14.62,14.82,14.86,14.52,158824.0
2024-07-30,14.81,14.59,14.85,14.47,202621.0
2024-07-31,14.56,14.6,14.65,14.49,160943.0
2024-08-01,14.53,14.53,14.76,14.45,153223.0
2024-08-02,14.48,14.6,14.65,14.42,122939.0
2024-08-05,14.61,14.36,14.65,14.35,137080.0
2024-08-06,14.37,14.19,14.46,14.06,139356.0
2024-08-07,14.19,14.2,14.33,14.16,101760.0
2024-08-08,14.21,14.12,14.24,14.05,87813.0
2024-08-09,14.16,14.16,14.29,14.1,115058.0
2024-08-12,14.16,14.09,14.2,14.09,68046.0
2024-08-13,14.13,14.19,14.3,14.09,104918.0
2024-08-14,14.24,14.19,14.37,14.16,110376.0
2024-08-15,14.17,14.26,14.28,14.13,193187.0
2024-08-16,14.22,14.55,14.56,14.17,249821.0
2024-08-19,14.57,15.15,15.15,14.57,370826.0
2024-08-20,15.15,15.12,15.22,15.07,252506.0
2024-08-21,15.08,14.75,15.12,14.7,243996.0
2024-08-22,14.71,15.06,15.09,14.71,207363.0
2024-08-23,15.08,15.08,15.11,14.94,155788.0
2024-08-26,15.11,15.0,15.15,14.81,159876.0
2024-08-27,15.01,14.96,15.08,14.83,136845.0
2024-08-28,14.85,14.63,14.86,14.54,301479.0
2024-08-29,14.59,14.15,14.59,14.05,356857.0
2024-08-30,14.09,13.93,14.37,13.93,427343.0
2024-09-02,13.9,13.92,14.11,13.8,260032.0
2024-09-03,13.91,13.68,13.97,13.52,296422.0
2024-09-04,13.6,13.49,13.71,13.4,221051.0
2024-09-05,13.54,13.4,13.56,13.18,341184.0
2024-09-06,13.4,13.47,13.66,13.39,188886.0
2024-09-09,13.43,13.18,13.43,13.13,204982.0
2024-09-10,13.18,13.15,13.28,13.06,173214.0
2024-09-11,13.12,12.88,13.14,12.85,189654.0
2024-09-12,12.85,13.25,13.28,12.83,274104.0
2024-09-13,13.25,13.06,13.37,13.06,145936.0
2024-09-18,13.12,13.22,13.26,13.05,126871.0
2024-09-19,13.25,13.22,13.29,13.03,151954.0
2024-09-20,13.2,13.4,13.44,13.19,193319.0
2024-09-23,13.4,13.78,13.78,13.35,174166.0
2024-09-24,13.8,14.16,14.18,13.7,248321.0
2024-09-25,14.3,14.53,14.7,14.29,341033.0
2024-09-26,14.47,14.96,14.96,14.38,286166.0
2024-09-27,15.1,14.8,15.28,14.62,190258.0
2024-09-30,14.95,15.75,15.8,14.74,837628.0
2024-10-08,17.1,15.88,17.23,15.36,865234.0
2024-10-09,15.5,14.78,15.65,14.7,578964.0
2024-10-10,14.9,15.35,15.73,14.9,623528.0
2024-10-11,15.28,15.21,15.61,15.1,288844.0
2024-10-14,15.5,15.95,16.29,15.5,971667.0
2024-10-15,15.93,15.63,16.26,15.62,483112.0
2024-10-16,15.49,16.37,16.56,15.46,885821.0
2024-10-17,16.35,15.88,16.35,15.83,695257.0
2024-10-18,15.82,15.86,16.08,15.43,584595.0
2024-10-21,15.82,15.75,15.83,15.52,367240.0
2024-10-22,15.69,15.69,15.95,15.62,289676.0
2024-10-23,15.66,15.74,15.82,15.66,231362.0
2024-10-24,15.65,15.62,15.83,15.55,214249.0
2024-10-25,15.6,15.54,15.68,15.42,217250.0
2024-10-28,15.49,15.47,15.52,15.32,236825.0
2024-10-29,15.49,15.5,15.74,15.46,281382.0
2024-10-30,15.58,15.41,15.77,15.34,272847.0
2024-10-31,15.41,15.4,15.52,15.18,230853.0
2024-11-01,15.42,15.57,15.83,15.41,394040.0
2024-11-04,15.67,15.75,15.75,15.32,289316.0
2024-11-05,15.67,15.84,15.85,15.6,288558.0
2024-11-06,15.85,15.72,15.93,15.63,314537.0
2024-11-07,15.64,16.01,16.01,15.62,384143.0
2024-11-08,15.98,15.78,16.03,15.73,321673.0
2024-11-11,15.72,15.63,15.73,15.45,248154.0
2024-11-12,15.55,15.44,15.77,15.39,276680.0
2024-11-13,15.45,15.68,15.76,15.4,270653.0
2024-11-14,15.66,15.81,15.95,15.56,318188.0
2024-11-15,15.83,15.76,16.06,15.68,340863.0
2024-11-18,15.93,15.74,16.04,15.68,500320.0
2024-11-19,15.75,15.72,15.84,15.5,319669.0
2024-11-20,15.72,15.63,15.76,15.59,190963.0
2024-11-21,15.61,15.76,15.78,15.58,162841.0
2024-11-22,15.77,15.36,15.81,15.36,203261.0
2024-11-25,15.4,15.66,15.68,15.34,268757.0
2024-11-26,15.61,15.73,15.78,15.48,186455.0
2024-11-27,15.7,15.93,15.96,15.61,275075.0
2024-11-28,15.93,15.93,16.0,15.78,186789.0
2024-11-29,15.93,15.92,16.06,15.88,224788.0
2024-12-02,15.9,15.79,15.94,15.74,271928.0
2024-12-03,15.81,16.01,16.02,15.77,305387.0
2024-12-04,15.96,16.29,16.41,15.87,496704.0
2024-12-05,16.29,16.14,16.4,16.11,217996.0
2024-12-06,16.13,16.15,16.36,16.09,254419.0
2024-12-09,16.13,16.21,16.34,16.07,253274.0
2024-12-10,16.47,16.42,16.55,16.09,391058.0
2024-12-11,16.38,16.05,16.42,16.03,429635.0
2024-12-12,16.03,16.22,16.31,16.01,363847.0
2024-12-13,16.23,16.06,16.28,16.03,363608.0
2024-12-16,16.09,16.5,16.63,16.08,873476.0
2024-12-17,16.42,16.47,16.7,16.42,478067.0
2024-12-18,16.4,16.32,16.61,16.25,655979.0
2024-12-19,16.29,16.18,16.44,16.12,412246.0
2024-12-20,16.16,16.08,16.29,16.06,345557.0
2024-12-23,16.08,16.38,16.51,16.08,483439.0
2024-12-24,16.34,16.46,16.48,16.34,425212.0
2024-12-25,16.45,16.97,16.99,16.45,514288.0
2024-12-26,16.85,16.85,16.97,16.67,332163.0
2024-12-27,16.85,16.85,16.96,16.55,313029.0
2024-12-30,16.79,17.08,17.14,16.79,361291.0
2024-12-31,17.07,17.11,17.31,17.06,382184.0
2025-01-02,17.21,16.79,17.49,16.71,467089.0
2025-01-03,16.83,16.43,16.94,16.4,368873.0
2025-01-06,16.43,16.56,16.6,16.13,312637.0
2025-01-07,16.51,16.86,16.87,16.4,258879.0
2025-01-08,16.85,17.12,17.15,16.82,286209.0
2025-01-09,17.15,17.12,17.29,16.88,201217.0
2025-01-10,17.13,16.96,17.28,16.76,192161.0
2025-01-13,16.8,16.68,16.97,16.61,240241.0
2025-01-14,16.72,16.91,17.06,16.65,340548.0
2025-01-15,16.85,16.83,17.17,16.75,273249.0
2025-01-16,16.92,17.09,17.1,16.75,282405.0
2025-01-17,17.07,17.08,17.22,17.0,203469.0
2025-01-20,17.11,16.9,17.36,16.88,295343.0
2025-01-21,17.07,16.76,17.07,16.73,243754.0
2025-01-22,16.73,16.39,16.77,16.35,297494.0
2025-01-23,16.5,16.69,16.83,16.48,281170.0
2025-01-24,16.68,16.85,16.91,16.37,285031.0
2025-01-27,16.85,17.19,17.23,16.85,241515.0
2025-02-05,17.12,16.81,17.19,16.78,275970.0
2025-02-06,16.75,16.63,16.99,16.5,368163.0
2025-02-07,16.61,16.55,16.8,16.52,338374.0
2025-02-10,16.55,16.46,16.6,16.26,304920.0
2025-02-11,16.5,16.67,16.83,16.49,365080.0
2025-02-12,16.74,16.87,16.89,16.62,261965.0
2025-02-13,16.87,16.75,16.94,16.75,209125.0
2025-02-14,16.74,16.77,16.83,16.66,216264.0
2025-02-17,16.75,16.6,16.84,16.49,229418.0
2025-02-18,16.56,16.85,16.97,16.56,282516.0
2025-02-19,16.86,16.78,16.98,16.75,225959.0
2025-02-20,16.81,16.68,16.84,16.64,156201.0
2025-02-21,16.65,16.38,16.7,16.31,388470.0
2025-02-24,16.36,16.12,16.37,16.09,385935.0
2025-02-25,16.18,15.83,16.21,15.77,365526.0
2025-02-26,15.81,15.85,16.02,15.8,229716.0
2025-02-27,15.87,16.08,16.09,15.72,265139.0
2025-02-28,16.06,16.05,16.17,16.01,242002.0
2025-03-03,16.1,16.16,16.19,15.95,201280.0
2025-03-04,16.1,16.11,16.21,16.07,147322.0
2025-03-05,16.12,16.61,16.63,16.05,420672.0
2025-03-06,16.55,16.39,16.61,16.33,268456.0
2025-03-07,16.42,16.38,16.53,16.27,197393.0
2025-03-10,16.4,16.35,16.4,16.23,139106.0
2025-03-11,16.33,16.56,16.56,16.3,182128.0
2025-03-12,16.5,16.55,16.69,16.43,136973.0
2025-03-13,16.52,16.7,16.78,16.51,192601.0
2025-03-14,16.68,16.67,16.96,16.62,275759.0
2025-03-17,16.71,16.83,16.9,16.65,194942.0
2025-03-18,16.85,16.89,16.93,16.75,190056.0
2025-03-19,16.91,17.27,17.28,16.87,354016.0
2025-03-20,17.29,17.34,17.59,17.28,275789.0
2025-03-21,17.33,17.13,17.54,17.13,299124.0
2025-03-24,17.18,17.35,17.4,17.17,172190.0
2025-03-25,17.35,17.27,17.41,17.24,112538.0
2025-03-26,17.24,17.12,17.32,17.09,136615.0
2025-03-27,17.12,17.19,17.32,17.09,111450.0
2025-03-28,17.2,17.24,17.25,17.1,100413.0
2025-03-31,17.24,17.19,17.37,17.11,166933.0
2025-04-01,17.16,17.2,17.31,17.08,143936.0
2025-04-02,17.16,17.28,17.37,17.16,151617.0
2025-04-03,17.21,17.32,17.38,17.16,143210.0
2025-04-07,16.84,16.7,16.95,16.16,470765.0
2025-04-08,16.66,16.83,16.85,16.61,335848.0
2025-04-09,16.75,16.67,16.83,16.52,370927.0
2025-04-10,16.75,17.05,17.12,16.63,275814.0
2025-04-11,16.99,16.88,17.06,16.8,183894.0
2025-04-14,16.9,16.93,17.03,16.85,173084.0
2025-04-15,16.93,17.4,17.4,16.91,260090.0
2025-04-16,17.36,17.59,17.61,17.33,278227.0
2025-04-17,17.57,17.57,17.64,17.41,119483.0
2025-04-18,17.54,17.79,17.79,17.51,154199.0
2025-04-21,17.76,17.44,17.85,17.44,198062.0
2025-04-22,17.49,17.61,17.64,17.46,133172.0
2025-04-23,17.58,17.45,17.66,17.44,135094.0
2025-04-24,17.5,17.69,17.75,17.47,153567.0
2025-04-25,17.69,17.69,17.78,17.57,107775.0
2025-04-28,17.69,17.74,17.9,17.62,175864.0
2025-04-29,17.0,17.26,17.37,17.0,437384.0
2025-04-30,17.25,16.98,17.35,16.98,298126.0
2025-05-06,17.06,16.91,17.09,16.82,296667.0
2025-05-07,16.98,17.28,17.29,16.98,304098.0
2025-05-08,17.24,17.65,17.71,17.22,293145.0
2025-05-09,17.63,17.95,17.97,17.6,261337.0
2025-05-12,17.9,17.85,18.16,17.78,190190.0
2025-05-13,17.9,18.22,18.24,17.81,271944.0
2025-05-14,18.2,18.36,18.56,18.03,293709.0
2025-05-15,18.34,18.4,18.55,18.33,219942.0
2025-05-16,18.36,18.31,18.46,18.22,174507.0
2025-05-19,18.35,18.28,18.48,18.26,182989.0
2025-05-20,18.34,18.31,18.5,18.24,131465.0
2025-05-21,18.34,18.64,18.67,18.32,165998.0
2025-05-22,18.65,18.95,18.99,18.6,246791.0
2025-05-23,18.95,18.75,19.04,18.72,168447.0
2025-05-26,18.75,18.71,18.89,18.63,141288.0
2025-05-27,18.76,18.92,18.94,18.75,138516.0
2025-05-28,18.9,19.05,19.25,18.85,180674.0
2025-05-29,19.08,19.16,19.3,19.01,230560.0
2025-05-30,19.19,19.39,19.47,19.16,205906.0
2025-06-03,19.39,19.31,19.48,19.2,212191.0
2025-06-04,19.35,19.36,19.46,19.18,165560.0
2025-06-05,19.4,19.14,19.45,19.12,215039.0
2025-06-06,19.2,19.27,19.38,19.15,133198.0
2025-06-09,19.27,19.27,19.3,19.01,205039.0
2025-06-10,19.27,19.31,19.5,19.23,180868.0
2025-06-11,19.3,19.25,19.4,19.22,131732.0
2025-06-12,19.3,19.57,19.6,19.27,171839.0
2025-06-13,19.59,19.42,19.72,19.42,219750.0
2025-06-16,19.52,19.6,19.67,19.41,107326.0
2025-06-17,19.6,19.53,19.72,19.45,131461.0
2025-06-18,19.56,20.24,20.31,19.55,304587.0
2025-06-19,20.21,20.05,20.3,19.95,194829.0
2025-06-20,20.04,20.07,20.24,19.92,220517.0
2025-06-23,20.05,20.26,20.33,19.76,205269.0
2025-06-24,20.26,20.23,20.4,20.0,217198.0
2025-06-25,20.21,20.59,20.75,20.15,208350.0
2025-06-26,20.59,20.88,20.95,20.42,226803.0
2025-06-27,20.85,20.16,20.96,20.0,401906.0
2025-06-30,20.11,20.1,20.19,19.9,327768.0
2025-07-01,20.1,20.38,20.48,20.07,154810.0
2025-07-02,20.38,20.43,20.6,20.32,127118.0
2025-07-03,20.43,20.44,20.59,20.27,114300.0
2025-07-04,20.5,20.67,20.73,20.41,157890.0
2025-07-07,20.69,20.69,20.8,20.53,157238.0
2025-07-08,20.69,20.45,20.77,20.23,216162.0
2025-07-09,20.41,20.49,20.58,20.37,152057.0
2025-07-10,20.54,20.6,20.71,20.49,174872.0
2025-07-11,20.64,20.29,20.75,20.2,287732.0
2025-07-14,20.32,20.38,20.58,20.14,273530.0
2025-07-15,20.46,20.15,20.55,20.1,219403.0
2025-07-16,20.06,20.05,20.22,19.79,226461.0
2025-07-17,20.13,20.03,20.26,19.73,232786.0
2025-07-18,20.02,20.3,20.38,19.88,206449.0
2025-07-21,20.3,20.05,20.34,19.92,271584.0
2025-07-22,20.15,19.66,20.26,19.56,395255.0
2025-07-23,19.66,19.77,19.91,19.53,313650.0
2025-07-24,19.77,19.4,19.79,19.33,382105.0
2025-07-25,19.41,19.48,19.65,19.41,265369.0
2025-07-28,18.75,18.75,18.82,18.58,289098.0
2025-07-29,18.72,18.65,19.04,18.58,235130.0
2025-07-30,18.63,18.7,18.9,18.58,216117.0
2025-07-31,18.7,18.47,18.73,18.24,361454.0
2025-08-01,18.51,18.72,18.81,18.26,297130.0
2025-08-04,18.58,18.77,19.03,18.58,209287.0
2025-08-05,18.81,19.0,19.07,18.75,188064.0
2025-08-06,18.96,18.93,19.08,18.84,143144.0
2025-08-07,18.93,19.02,19.09,18.82,156575.0
2025-08-08,19.09,19.03,19.17,18.93,130564.0
2025-08-11,19.16,18.84,19.35,18.83,226489.0
2025-08-12,18.86,18.77,19.06,18.73,195828.0
2025-08-13,18.77,18.4,18.82,18.36,311968.0
2025-08-14,18.4,18.22,18.55,18.22,304034.0
2025-08-15,18.26,18.21,18.27,17.92,331440.0
2025-08-18,18.19,18.04,18.19,17.91,425483.0
2025-08-19,18.07,18.13,18.25,17.91,301141.0
2025-08-20,18.11,18.25,18.59,18.07,401958.0
2025-08-21,18.21,18.27,18.35,18.13,279302.0
2025-08-22,18.29,17.97,18.29,17.87,417875.0
2025-08-25,17.92,17.99,18.1,17.85,458490.0
2025-08-26,18.0,17.86,18.05,17.75,289315.0
2025-08-27,18.0,18.04,18.36,18.0,527695.0
2025-08-28,18.05,18.54,18.77,17.89,674532.0
2025-08-29,18.55,18.47,18.79,18.34,365298.0
2025-09-01,18.45,18.2,18.62,18.08,364562.0
2025-09-02,18.17,18.53,18.62,18.1,348020.0
2025-09-03,18.45,18.27,18.5,18.11,255655.0
2025-09-04,18.19,18.2,18.32,17.84,393286.0
2025-09-05,18.17,18.1,18.25,18.02,225130.0
2025-09-08,18.08,18.36,18.44,18.0,241882.0
2025-09-09,18.4,18.57,18.58,18.28,203661.0
2025-09-10,18.57,18.5,18.6,18.44,138677.0
2025-09-11,18.5,18.61,18.63,18.33,284344.0
2025-09-12,18.6,18.24,18.65,18.22,194853.0
2025-09-15,18.18,18.07,18.26,18.03,204997.0
2025-09-16,18.15,17.98,18.21,17.96,187470.0
2025-09-17,17.99,17.81,18.06,17.79,233708.0
2025-09-18,17.8,17.45,17.88,17.37,322421.0
2025-09-19,17.43,17.53,17.55,17.24,239436.0
2025-09-22,17.47,17.15,17.49,17.04,367333.0
2025-09-23,17.13,17.4,17.58,17.05,357341.0
2025-09-24,17.4,17.43,17.53,17.32,174916.0
2025-09-25,17.4,17.19,17.42,17.13,218397.0
2025-09-26,17.19,17.35,17.4,17.05,177806.0
2025-09-29,17.36,17.41,17.62,17.27,273730.0
2025-09-30,17.35,17.25,17.47,17.14,279653.0
2025-10-09,17.17,17.33,17.36,17.06,277185.0
2025-10-10,17.32,17.49,17.69,17.29,242615.0
2025-10-13,17.39,17.87,18.01,17.37,395094.0
2025-10-14,17.8,18.23,18.35,17.59,480687.0
2025-10-15,18.18,18.34,18.43,18.05,270204.0
2025-10-16,18.33,18.65,18.68,18.28,296461.0
2025-10-17,18.6,18.51,18.83,18.45,266563.0
2025-10-20,18.51,18.42,18.55,18.1,344361.0
2025-10-21,18.42,18.4,18.55,18.21,300760.0
2025-10-22,18.31,18.54,18.64,18.31,181755.0
2025-10-23,18.5,18.54,18.62,18.37,232536.0
2025-10-24,18.45,18.24,18.55,18.2,220157.0
2025-10-27,18.18,17.96,18.19,17.91,474099.0
2025-10-28,18.04,18.11,18.18,17.79,314103.0
2025-10-29,17.54,17.07,17.69,17.0,1298030.0
2025-10-30,17.08,16.86,17.15,16.83,620580.0
2025-10-31,16.87,16.81,16.92,16.76,395456.0
2025-11-03,16.81,16.83,16.9,16.7,417322.0
2025-11-04,16.87,17.0,17.07,16.87,510643.0
2025-11-05,17.04,17.06,17.23,17.0,507979.0
2025-11-06,17.01,16.94,17.09,16.91,456967.0
2025-11-07,16.96,16.98,17.03,16.91,291114.0
2025-11-10,16.97,17.09,17.22,16.92,470342.0
2025-11-11,17.11,17.13,17.14,17.03,242710.0
2025-11-12,17.15,17.14,17.31,17.13,389251.0
2025-11-13,17.15,17.06,17.21,16.96,403901.0
2025-11-14,17.02,17.06,17.18,17.02,270423.0
2025-11-17,17.08,16.7,17.08,16.69,499322.0
2025-11-18,16.71,16.62,16.78,16.6,245269.0
2025-11-19,16.63,16.7,16.73,16.6,173022.0
2025-11-20,16.68,16.84,16.93,16.65,311533.0
2025-11-21,16.8,16.72,17.0,16.71,398808.0
2025-11-24,16.76,16.94,17.05,16.72,496985.0
2025-11-25,16.94,16.91,16.98,16.8,352847.0
2025-11-26,16.89,16.82,16.96,16.76,354682.0
2025-11-27,16.8,17.01,17.09,16.74,394134.0
2025-11-28,16.97,16.87,17.0,16.85,223536.0
2025-12-01,16.88,17.17,17.18,16.88,466782.0
2025-12-02,17.16,17.21,17.25,17.1,176558.0
2025-12-03,17.21,17.19,17.3,17.15,235657.0
2025-12-04,17.17,17.14,17.2,17.07,171126.0
2025-12-05,17.1,16.95,17.2,16.87,285023.0
2025-12-08,16.95,16.82,17.0,16.79,340212.0
2025-12-09,16.81,16.74,16.91,16.74,221487.0
2025-12-10,16.75,16.52,16.82,16.4,342784.0
2025-12-11,16.5,16.43,16.6,16.43,241690.0
2025-12-12,16.46,16.35,16.54,16.34,390855.0
2025-12-15,16.34,16.54,16.61,16.33,406699.0
2025-12-16,16.51,16.45,16.7,16.38,242978.0
2025-12-17,16.46,16.42,16.47,16.3,228634.0
2025-12-18,16.4,16.64,16.66,16.38,243998.0
2025-12-19,16.57,16.64,16.68,16.51,223093.0
2025-12-22,16.64,16.53,16.64,16.5,200209.0
2025-12-23,16.55,16.5,16.64,16.49,177973.0
2025-12-24,16.5,16.44,16.53,16.38,153676.0
2025-12-25,16.45,16.43,16.53,16.4,147536.0
2025-12-26,16.42,16.37,16.43,16.35,178706.0
2025-12-29,16.35,16.17,16.35,16.05,460233.0
2025-12-30,16.13,16.12,16.18,16.07,298529.0
2025-12-31,16.11,16.12,16.17,16.07,235592.0
2026-01-05,16.11,16.24,16.26,16.1,278172.0
2026-01-06,16.25,16.22,16.27,16.11,400001.0
2026-01-07,16.22,16.26,16.34,16.16,403251.0
2026-01-08,16.26,16.23,16.37,16.19,320226.0
2026-01-09,16.23,16.12,16.24,16.07,379159.0
2026-01-12,16.09,16.09,16.14,16.05,291376.0
2026-01-13,16.08,16.29,16.35,16.07,426386.0
2026-01-14,16.3,16.1,16.3,16.1,433659.0
2026-01-15,16.08,15.99,16.11,15.98,365131.0
2026-01-16,15.99,15.76,16.03,15.74,367098.0
2026-01-19,15.75,15.46,15.76,15.37,663455.0
2026-01-20,15.45,15.94,15.96,15.42,606006.0
2026-01-21,15.89,15.72,16.04,15.72,318099.0
2026-01-22,15.71,15.86,16.08,15.69,334792.0
2026-01-23,15.84,15.68,15.89,15.61,331410.0
2026-01-26,15.62,15.77,15.89,15.59,368095.0
2026-01-27,15.77,15.74,15.95,15.71,313548.0
2026-01-28,15.71,15.78,16.02,15.65,517252.0
2026-01-29,15.75,16.15,16.18,15.75,593212.0
2026-01-30,16.19,16.12,16.32,16.11,501939.0
2026-02-02,16.12,16.08,16.41,16.05,443389.0
2026-02-03,16.05,15.82,16.1,15.76,447021.0
2026-02-04,15.8,16.06,16.1,15.8,252867.0
2026-02-05,16.07,16.37,16.4,16.06,392754.0
2026-02-06,16.39,16.36,16.49,16.26,284133.0
2026-02-09,16.3,16.47,16.52,16.19,287097.0
2026-02-10,16.45,16.53,16.57,16.43,186975.0
2026-02-11,16.53,16.54,16.59,16.45,163112.0
2026-02-12,16.54,16.36,16.56,16.33,204325.0
2026-02-13,16.4,16.28,16.44,16.26,131975.0
2026-02-24,16.29,16.15,16.38,16.13,189769.0
2026-02-25,16.17,16.06,16.21,16.02,242119.0
2026-02-26,16.06,16.19,16.22,16.03,221655.0
2026-02-27,16.16,16.17,16.32,16.14,199492.0
2026-03-02,16.14,16.74,16.8,16.07,730003.0
2026-03-03,16.74,16.76,16.91,16.51,401572.0
2026-03-04,16.65,16.66,16.75,16.43,335221.0
2026-03-05,16.6,16.83,16.85,16.55,267237.0
2026-03-06,16.8,16.94,16.97,16.72,268947.0
2026-03-09,16.88,16.91,16.99,16.8,384746.0
2026-03-10,16.9,16.99,17.07,16.77,314514.0
2026-03-11,16.99,17.28,17.29,16.94,409049.0
2026-03-12,17.18,17.2,17.29,17.14,244429.0
2026-03-13,17.17,17.15,17.39,17.07,319109.0
2026-03-16,17.15,17.23,17.36,17.09,289480.0
2026-03-17,17.23,17.41,17.55,17.19,273049.0
2026-03-18,17.4,17.34,17.46,17.23,195528.0
2026-03-19,17.28,17.13,17.4,17.07,191179.0
2026-03-20,17.07,17.09,17.2,16.97,181291.0
2026-03-23,16.97,16.64,16.98,16.56,314474.0
2026-03-24,16.68,17.05,17.09,16.65,267939.0
2026-03-25,17.05,17.02,17.14,16.86,220170.0
2026-03-26,17.02,17.11,17.31,16.98,211966.0
2026-03-27,17.13,17.05,17.28,17.03,149721.0
2026-03-30,16.99,17.08,17.2,16.93,136431.0
2026-03-31,17.08,17.12,17.26,17.08,148508.0
2026-04-01,17.16,17.14,17.25,17.09,154743.0
2026-04-02,17.11,17.32,17.41,17.11,224481.0
2026-04-03,17.32,17.16,17.32,17.08,162293.0
2026-04-07,17.16,17.14,17.25,17.06,168077.0
2026-04-08,17.15,17.29,17.29,17.04,220719.0
2026-04-09,17.24,17.25,17.36,17.13,168844.0
2026-04-10,17.29,17.43,17.54,17.25,272700.0
2026-04-13,17.41,17.23,17.48,17.2,158245.0
2026-04-14,17.23,17.29,17.45,17.22,125607.0
2026-04-15,17.32,17.39,17.4,17.24,123603.0
2026-04-16,17.42,17.27,17.52,17.24,199730.0
2026-04-17,17.26,17.23,17.29,17.12,180549.0
2026-04-20,17.21,17.47,17.48,17.18,188425.0
2026-04-21,17.49,17.68,17.78,17.47,212312.0
2026-04-22,17.69,17.59,17.78,17.59,132107.0
2026-04-23,17.49,18.16,18.18,17.42,569286.0
2026-04-24,18.12,18.37,18.43,17.98,344898.0
2026-04-27,18.41,18.44,18.57,18.34,246487.0
2026-04-28,18.47,18.74,18.8,18.42,262073.0
2026-04-29,18.74,19.0,19.04,18.56,329360.0
2026-04-30,18.98,19.15,19.22,18.85,232170.0
2026-05-06,19.1,19.18,19.2,18.78,256146.0
2026-05-07,19.12,18.93,19.25,18.92,195878.0
2026-05-08,18.95,18.87,19.09,18.73,195998.0
2026-05-11,18.8,19.04,19.1,18.73,201640.0
2026-05-12,19.04,18.95,19.25,18.87,176345.0
2026-05-13,18.95,18.93,19.08,18.88,147487.0
2026-05-14,18.9,18.75,19.05,18.73,206392.0
2026-05-15,18.8,18.72,18.88,18.64,167908.0
2026-05-18,18.61,18.39,18.72,18.24,250548.0
2026-05-19,18.39,18.74,18.77,18.35,227679.0
2026-05-20,18.75,18.68,18.87,18.64,112717.0
2026-05-21,18.65,18.75,18.82,18.46,177781.0
2026-05-22,18.63,18.54,18.71,18.47,167952.0
2026-05-25,18.48,18.34,18.56,18.27,192177.0
2026-05-26,18.4,18.46,18.49,18.23,193215.0
2026-05-27,18.4,18.38,18.55,18.23,189695.0
2026-05-28,18.37,18.43,18.57,18.35,167542.0
2026-05-29,18.39,18.6,18.75,18.24,264611.0
2026-06-01,18.6,18.95,18.99,18.47,297213.0
2026-06-02,18.91,19.31,19.36,18.91,325480.0
2026-06-03,19.26,19.29,19.34,19.06,205318.0
2026-06-04,19.2,18.83,19.29,18.8,220014.0
2026-06-05,18.9,19.04,19.32,18.89,269265.0
2026-06-08,18.99,18.97,19.19,18.9,203392.0
2026-06-09,18.91,19.29,19.32,18.9,238307.0
2026-06-10,19.22,19.8,19.85,19.16,361932.0
2026-06-11,19.84,19.76,19.96,19.65,279673.0
2026-06-12,19.64,20.07,20.14,19.54,325740.0
2026-06-15,20.06,20.03,20.1,19.8,265667.0
2026-06-16,19.9,19.53,20.09,19.45,255944.0
2026-06-17,19.61,19.23,19.79,19.15,174249.0
2026-06-18,19.15,18.66,19.27,18.64,207325.0
2026-06-22,18.46,18.39,18.5,18.13,258259.0
2026-06-23,18.34,18.73,18.79,18.25,273295.0
2026-06-24,18.68,17.98,18.68,17.94,249507.0
2026-06-25,17.83,17.93,18.26,17.8,241619.0
2026-06-26,17.93,17.96,18.07,17.7,199504.0
2026-06-29,17.9,18.03,18.2,17.5,197778.0
2026-06-30,17.99,17.7,18.03,17.6,183633.0
2026-07-01,17.7,17.87,17.94,17.53,179209.0
2026-07-02,17.97,18.38,18.47,17.94,206171.0
2026-07-03,18.35,18.39,18.57,18.16,152782.0
2026-07-06,18.28,18.69,19.01,18.22,187048.0
