rank,code,name,listing_date,price,dividend_yield,annual_dividend_yield,dividend_yield_percentile,profit_growth,profit_period,annual_dividend,ttm_dividend,uses_ttm_dividend,dividend_basis,dividend_report_year,interim_dividend,dividend_dps_used,annual_eps,dividend_payout_ratio,updated_at,error
1,601128,常熟银行,2016-09-30,6.39,0.046948356807511735,0.04225352112676057,1.0,0.1110241734799422,20260331,0.27,,False,中期*2,2025,0.15,0.3,1.27,0.23622047244094488,2026-07-30 11:40:51,
2,002807,江阴银行,2016-09-02,4.1,0.05365853658536586,0.05365853658536586,0.9077181208053692,0.025011959078969026,20260331,0.22,,False,年度,2025,,0.22,0.8326,0.2642325246216671,2026-07-30 11:40:56,
3,603323,苏农银行,2016-11-29,4.38,0.0410958904109589,0.04794520547945205,0.7785234899328859,0.05051368500503561,20260331,0.21,,False,中期*2,2025,0.09,0.18,1.01,0.1782178217821782,2026-07-30 11:40:59,
4,002936,郑州银行,2018-09-19,1.83,0.01092896174863388,0.01092896174863388,0.7231404958677686,0.05367022748330785,20260331,0.02,,False,年度,2024,,0.02,0.15,0.13333333333333333,2026-07-30 11:40:57,
5,601818,光大银行,2010-08-18,3.17,0.05993690851735016,0.033123028391167195,0.7164429530201343,-0.08063222079589216,20260331,0.10500000000000001,0.19,True,TTM,2025,0.10500000000000001,0.19,0.58,0.32758620689655177,2026-07-30 11:40:46,
6,601860,紫金银行,2019-01-03,2.66,0.03759398496240601,0.03759398496240601,0.6862416107382551,0.016181881982511692,20260331,0.1,0.1,True,TTM,2025,0.05,0.1,0.34,0.29411764705882354,2026-07-30 11:40:55,
7,601997,贵阳银行,2016-08-16,5.73,0.05235602094240837,0.05235602094240837,0.6476510067114094,0.023705915251664766,20260331,0.3,,False,年度,2025,,0.3,1.37,0.218978102189781,2026-07-30 11:40:56,
8,002142,宁波银行,2007-07-19,32.4,0.018518518518518517,0.009259259259259259,0.5935919055649241,0.1030066064446542,20260331,0.3,,False,中期*2,2025,0.3,0.6,4.29,0.13986013986013984,2026-07-30 11:40:48,
9,600908,无锡银行,2016-09-23,5.63,0.03907637655417407,0.04262877442273535,0.5612416107382551,0.0273371790492134,20260331,0.24000000000000002,,False,中期*2,2025,0.11000000000000001,0.22000000000000003,1.01,0.21782178217821785,2026-07-30 11:40:49,
10,002958,青农商行,2019-03-26,3.16,0.03797468354430379,0.03797468354430379,0.5273684210526316,0.05603178700338107,20260331,0.12,,False,年度,2025,,0.12,0.52,0.23076923076923075,2026-07-30 11:40:58,
11,601166,兴业银行,2007-02-05,18.97,0.059567738534528215,0.05619399051133369,0.5109060402684564,0.001512859304084735,20260331,1.066,,False,中期*2,2025,0.5650000000000001,1.1300000000000001,3.46,0.3265895953757226,2026-07-30 11:40:43,
12,000001,平安银行,1991-04-03,11.52,0.05173611111111111,0.05173611111111111,0.44966442953020136,0.030292281498297324,20260331,0.596,0.596,True,TTM,2025,0.236,0.596,2.07,0.28792270531400965,2026-07-30 11:40:40,
13,600036,招商银行,2002-04-09,40.15,0.050460772104607726,0.05021170610211707,0.4437919463087248,0.015179960306817675,20260331,2.016,,False,中期*2,2025,1.0130000000000001,2.0260000000000002,5.7,0.3554385964912281,2026-07-30 11:40:42,
14,600928,西安银行,2019-03-01,3.66,0.0273224043715847,0.0273224043715847,0.41778523489932884,0.06161998783695899,20260331,0.1,,False,年度,2025,,0.1,0.6,0.16666666666666669,2026-07-30 11:40:50,
15,600016,民生银行,2000-12-19,3.62,0.052209944751381215,0.052209944751381215,0.41442953020134227,-0.09637419557369331,20260331,0.189,0.189,True,TTM,2025,0.136,0.189,0.63,0.3,2026-07-30 11:40:42,
16,600926,杭州银行,2016-10-27,16.38,0.04029304029304029,0.04029304029304029,0.39681208053691275,0.10094037337577944,20260331,0.6599999999999999,0.6599999999999999,True,TTM,2025,0.38,0.6599999999999999,2.66,0.24812030075187966,2026-07-30 11:40:50,
17,002839,张家港行,2017-01-24,4.56,0.04385964912280702,0.048245614035087724,0.34731543624161076,0.02504051048614664,20260331,0.22,,False,中期*2,2025,0.1,0.2,0.77,0.25974025974025977,2026-07-30 11:40:56,
18,601577,长沙银行,2018-09-26,9.48,0.04219409282700422,0.02109704641350211,0.33808724832214765,0.05774935978997897,20260331,0.2,,False,中期*2,2025,0.2,0.4,1.93,0.2072538860103627,2026-07-30 11:40:53,
19,600015,华夏银行,2003-09-12,6.94,0.05835734870317003,0.01440922190201729,0.2961409395973154,-0.015010863124629625,20260331,0.1,0.405,True,TTM,2025,0.1,0.405,1.62,0.25,2026-07-30 11:40:41,
20,601169,北京银行,2007-09-19,5.18,0.05366795366795366,0.05366795366795366,0.28523489932885904,0.055526590198123005,20260331,0.27799999999999997,,False,年度,2025,,0.27799999999999997,0.78,0.35641025641025637,2026-07-30 11:40:44,
21,600000,浦发银行,1999-11-10,9.5,0.0431578947368421,0.0431578947368421,0.27261761158021713,0.014944880100011382,20260331,0.41,,False,年度,2024,,0.41,1.36,0.3014705882352941,2026-07-30 11:40:41,
22,601229,上海银行,2016-11-16,9.5,0.05473684210526316,0.05473684210526316,0.22483221476510068,0.006604672141608203,20260331,0.52,0.52,True,TTM,2025,0.3,0.52,1.65,0.3151515151515152,2026-07-30 11:40:53,
23,601916,浙商银行,2019-11-26,3.0,0.043666666666666666,0.043666666666666666,0.20960295475530932,0.007228105563960252,20260331,0.131,,False,年度,2025,,0.131,0.44,0.29772727272727273,2026-07-30 11:40:55,
24,601658,邮储银行,2019-12-10,5.2,0.04198076923076923,0.04198076923076923,0.19463087248322147,0.01901291293670293,20260331,0.2183,0.2183,True,TTM,2025,0.123,0.2183,0.73,0.29904109589041095,2026-07-30 11:40:54,
25,002966,苏州银行,2019-08-02,8.43,0.042704626334519574,0.042704626334519574,0.16023489932885907,0.0822713142417053,20260331,0.36,0.36,True,TTM,2025,0.21000000000000002,0.36,1.14,0.31578947368421056,2026-07-30 11:40:58,
26,601328,交通银行,2007-05-15,7.25,0.044786206896551724,0.044786206896551724,0.1552013422818792,0.031136686110673217,20260331,0.3247,0.3247,True,TTM,2025,0.1563,0.3247,1.08,0.3006481481481481,2026-07-30 11:40:45,
27,601998,中信银行,2007-04-27,7.85,0.04853503184713376,0.04853503184713376,0.1518456375838926,0.03019119380798596,20260331,0.381,0.381,True,TTM,2025,0.188,0.381,1.2,0.3175,2026-07-30 11:40:48,
28,601077,渝农商行,2019-10-29,6.76,0.04747189349112426,0.04747189349112426,0.15100671140939598,0.050719269610471684,20260331,0.32091,0.32091,True,TTM,2025,0.20335999999999999,0.32091,1.05,0.3056285714285714,2026-07-30 11:40:51,
29,601838,成都银行,2018-01-31,18.72,0.049198717948717954,0.049198717948717954,0.14848993288590603,0.04808494899195792,20260331,0.921,,False,年度,2025,,0.921,3.07,0.30000000000000004,2026-07-30 11:40:54,
30,601009,南京银行,2007-07-19,11.65,0.045420600858369096,0.045420600858369096,0.0964765100671141,0.08046479609919643,20260331,0.52915,0.52915,True,TTM,2025,0.30619999999999997,0.52915,1.76,0.3006534090909091,2026-07-30 11:40:43,
31,601288,农业银行,2010-07-15,7.05,0.03539007092198582,0.03539007092198582,0.08137583892617449,0.04523779733355582,20260331,0.2495,0.2495,True,TTM,2025,0.11950000000000001,0.2495,0.78,0.31987179487179485,2026-07-30 11:40:44,
32,601187,厦门银行,2020-10-27,7.65,0.032679738562091505,0.032679738562091505,0.053691275167785234,0.07420087964045985,20260331,0.25,0.25,True,TTM,2025,0.13999999999999999,0.25,0.9,0.2777777777777778,2026-07-30 11:40:52,
33,600919,江苏银行,2016-08-02,11.68,0.048296232876712336,0.048296232876712336,0.03859060402684564,0.08200989304400008,20260331,0.5641,0.5641,True,TTM,2025,0.3309,0.5641,1.76,0.3205113636363637,2026-07-30 11:40:49,
34,601963,重庆银行,2021-02-05,11.51,0.03893136403127715,0.03893136403127715,0.015939597315436243,0.10400700382205752,20260331,0.4481,,False,年度,2025,,0.4481,1.53,0.29287581699346404,2026-07-30 11:40:55,
35,601398,工商银行,2006-10-27,8.14,0.03812039312039312,0.03812039312039312,0.01174496644295302,0.03309330291363666,20260331,0.3103,0.3103,True,TTM,2025,0.1414,0.3103,1.0,0.3103,2026-07-30 11:40:46,
36,601988,中国银行,2006-07-05,6.09,0.03715927750410509,0.03715927750410509,0.006711409395973154,0.04170038996394676,20260331,0.2263,0.2263,True,TTM,2025,0.10940000000000001,0.2263,0.74,0.3058108108108108,2026-07-30 11:40:47,
37,002948,青岛银行,2019-01-16,5.88,0.030612244897959183,0.030612244897959183,0.00505902192242833,0.21155781370970184,20260331,0.18,,False,年度,2025,,0.18,0.85,0.21176470588235294,2026-07-30 11:40:57,
38,601939,建设银行,2007-09-25,10.83,0.03589104339796861,0.03589104339796861,0.0,0.035272522225288316,20260331,0.38870000000000005,0.38870000000000005,True,TTM,2025,0.18580000000000002,0.38870000000000005,1.3,0.29900000000000004,2026-07-30 11:40:47,
